campaign,run_id,architecture,implementation_id,code_id,protection_guarantee,rtl_sha256,rtl_sources_json,formal_status,formal_evidence,physical_target,technology,corner,voltage_v,temperature_c,seed,clock_period_ns,latency_cycles,initiation_interval_cycles,activity_class,useful_operations,trace_sha256,activity_power_status,routing_complete,target_feasible,characterization_status,hold_status,setup_violation_count,standard_cell_instance_area_um2,cell_count,sequential_cell_count,signed_worst_setup_slack_ns,slack_derived_frequency_mhz,detailed_route_wirelength_um,via_count,internal_power_w,switching_power_w,leakage_power_w,total_power_w,energy_per_useful_op_pj,final_odb_sha256,final_netlist_sha256,final_sdc_sha256,final_spef_sha256,power_report_sha256,raw_artifacts_manifest_sha256,raw_artifact_root,source_record
date2027_revision2,secded-comb-seed-11,secded_comb,secded-rtl-combinational-72-64-v1,extended-hamming-secded-72-64-v1,all W1 corrected; all W2 detected,5e1a591f1a6602b8d985008e8f1d2d087d738b8bf636ebd7bd03915e0a0d49e4,"{""scripts/gate03r/rtl/secded_characterization_tops.sv"":""560bc8092ba759f7dd3412a106d86a30a7498d88285298c721be2d5ef4dc440b"",""scripts/gate04/rtl/gate04_boundaries.sv"":""7de8e8d2933cdf17740ec5ec6f45a3654d5d54d9e419ed1c628ab29ca03308f8""}",PASS,docs/date2027/rigour_gate_03r/SECDED_PROOF_SUMMARY.json;docs/date2027/rigour_gate_03r/H2_ARCHITECTURE_CONTRACT.md,sky130hd_tt_025C_1v80_10ns,SKY130HD,tt_025C_1v80,1.8,25,11,10.0,1,1,A0_clean_no_error,100000,5777054292ef6b97af7f4924fb1f264fcbd030e598c32d7d12829b862e244998,ACTIVITY_POWER_PASS_FULL_PRECISION_TEXT,True,True,PASS_TIMING_MET,HOLD_CLEAN,0,18644.1,2074,349,5.89964,243.8810250807246,44609.0,9134,0.006786616984755,0.007788169197738,7.300083204598e-09,0.01457479409873,145.76251578139872,c3c0b83b5f2d33489f9098637272c131d54f9188e3c66efa92870d949301a4e5,733d54854db80e3a501fb6f2db220814903cc5b41168c7761b153d183bfbadbb,fcaf7fb012daddb364cfab4792355ae8e50d1ecc2866d0b96e284bcd8e476537,cc07fe2b8a4ff8bdd00b582d09cdbe194135ecf07a1f2ca57cf35e6c8e53d0de,c84d002980bfac0627856e413e8fcfc06606fb77e52f49e5f7442c6ec6233e03,e22c8d5a5aeeb3b19846581341415f521171e588d8855f85cca1045440d13ab0,/var/lib/green-ecc-date2027-revision2/runs/secded-comb-seed-11,docs/date2027/revision2/results/REV2_RUN_RESULTS.csv
date2027_revision2,secded-pipe-seed-11,secded_pipe,secded-rtl-pipelined-72-64-v1,extended-hamming-secded-72-64-v1,all W1 corrected; all W2 detected,4278fb0b46332d704204b3cd866959d0de48cc9a67f4046df1bb830eeb7f9a16,"{""asic/rtl/secded/secded_pipelined_72_64_v1.sv"":""e250a6741b6aa56e0bdc5892ac5753e4487769a6683f68db6ab9155c26a3b155"",""scripts/gate03r/rtl/secded_characterization_tops.sv"":""560bc8092ba759f7dd3412a106d86a30a7498d88285298c721be2d5ef4dc440b"",""scripts/gate04/rtl/gate04_boundaries.sv"":""7de8e8d2933cdf17740ec5ec6f45a3654d5d54d9e419ed1c628ab29ca03308f8""}",PASS,docs/date2027/rigour_gate_03r/SECDED_PROOF_SUMMARY.json;docs/date2027/rigour_gate_03r/H2_ARCHITECTURE_CONTRACT.md,sky130hd_tt_025C_1v80_10ns,SKY130HD,tt_025C_1v80,1.8,25,11,10.0,3,1,A0_clean_no_error,100000,5777054292ef6b97af7f4924fb1f264fcbd030e598c32d7d12829b862e244998,ACTIVITY_POWER_PASS_FULL_PRECISION_TEXT,True,True,PASS_TIMING_MET,HOLD_CLEAN,0,25486.9,2660,633,7.18982,355.84909151726936,49992.0,10870,0.007129232399166,0.00394526636228,9.768537090338e-09,0.01107450760901,110.75615059770901,8603b1ce1e6242128d330e3653b8f41ab6737cce909588f4e9404003c003188b,97f40a2794c04002b6445de19763d55cc4311988c4abe96092410ae307eface7,ae02e4ff97ee4f1837c433b6cb7a7eac6482d314e6300424d043edba1f05e246,136ae58d308eaf264fe4daeef0d780e6f56b0402327f3bf776c57eae3b140ecb,27dd386df80d519544dd3f365e3805dfc04eb0deb1237ec36b3039b1df2973b2,ab734e63ca36c8174b60610d57f7240add3c0280cafed0e5294daed44e5e9586,/var/lib/green-ecc-date2027-revision2/runs/secded-pipe-seed-11,docs/date2027/revision2/results/REV2_RUN_RESULTS.csv
date2027_revision2,hsiao-algorithmic-seed-11,hsiao_algorithmic,hsiao-algorithmic-combinational-72-64-rev2-v1,hsiao-secded-72-64-v1,all W1 corrected; all W2 detected,0f685e866f80c7a01bad7102ee4e121b1122587ba142df5aa47c15c69bb9f381,"{""green_ecc_physical_simulation/rtl/hsiao_secded_72_64/hsiao_secded_72_64_v1_encoder.sv"":""638b36ff3ab1ee31bb8e29b8d5ea064b5b36d1d7df7a3f2b96c52e305a31e036"",""green_ecc_physical_simulation/rtl/hsiao_secded_72_64/hsiao_secded_72_64_v1_syndrome.sv"":""5b232248546e1945ab5084b7f4850851bb62c6e54dc9c4fa00950e2a457590be"",""green_ecc_physical_simulation/rtl/hsiao_secded_72_64/hsiao_secded_72_64_v2_algorithmic_decoder.sv"":""3c422dbbddab55e8e2ae141b571e60e63f4ecd87ac409d64b59cc184f21aadcf"",""scripts/revision2/rtl/rev2_hsiao_boundary.sv"":""3fdc3984b222b925ccc9d415a548e88f5e75a82539c67ac187e5c1d0c33f9c73""}",PASS,docs/date2027/revision2/REV2_HSIAO_QUALIFICATION.json;docs/date2027/revision2/REV2_HSIAO_EXACT_IDENTITY.log,sky130hd_tt_025C_1v80_10ns,SKY130HD,tt_025C_1v80,1.8,25,11,10.0,1,1,A0_clean_no_error,100000,0117c68c59ca87e85b4aa699eca26be1d20d83e26213030ee835cc4739542c99,ACTIVITY_POWER_PASS_FULL_PRECISION_TEXT,True,True,PASS_TIMING_MET,HOLD_CLEAN,0,19257.2,2177,349,5.28434,212.0593935949581,49903.0,9723,0.007042227312922,0.007960772141814,7.510577937353e-09,0.01500300690532,150.04507206010533,82a1f4d803204b12a782f83e7bd8c8708007467d0b307bd03c214dbd89f92399,d43d23b3b0d28be5ffc9745287eaf71ef8ea619ae436c024b34e96391fe1668b,1906b3694e2b02535b02751c084e52530b4c158398ac1e13635b871b4209b68c,1ae6d819f295d7327d58eb26df93d2641ccc9290d2568967d15f790f66fba328,d14136984d1ad6a61d156c153c3b15d7bfb398c1a9277c4677a029de7fb6cc1a,ff239b9970b93fcfe3d13bb1dea640f4757adc1200c75ebfb9c3ec37830e5e66,/var/lib/green-ecc-date2027-revision2/runs/hsiao-algorithmic-seed-11,docs/date2027/revision2/results/REV2_RUN_RESULTS.csv
date2027_revision2,bch78-seed-11,bch78,shortened-bch-78-64-t2-v1-rtl-syndrome-chien-v1,shortened-bch-78-64-t2-v1,all W0/W1/W2 corrected; W3 characterized without guarantee,a6d3d343b2f404f53bd34e51ca84abe66564bee075c784d8e18567de28c3dee6,"{""asic/rtl/bch/bch_78_64_t2_v1.sv"":""2cc8b0dd23f3cce9a091ea418a2c2d4fff5f016361228a66e6c151a7c49360e7"",""scripts/gate04/rtl/gate04_boundaries.sv"":""7de8e8d2933cdf17740ec5ec6f45a3654d5d54d9e419ed1c628ab29ca03308f8""}",PASS,docs/date2027/rigour_gate_03r/EXACT_PROOF_SUMMARY.json;docs/date2027/rigour_gate_03r/FORMAL_PROOF_INDEX.csv;docs/date2027/rigour_gate_03r/BCH_78_64_T2_CONTRACT.md,sky130hd_tt_025C_1v80_10ns,SKY130HD,tt_025C_1v80,1.8,25,11,10.0,1,1,A0_clean_no_error,100000,84186d94f6f2afa346e15013a6d351eb824892f474e62c8df7dff8f1091e2ff2,TRACE_AVAILABLE_POWER_NOT_RUN_TIMING_INELIGIBLE,True,False,PASS_TIMING_MISSED,HOLD_CLEAN,66,57303.7,7129,367,-4.78052,67.65661830571591,183332.0,36034,,,,,,032767f7bc00823717ce7d7d9ff647750be2bf920cc9065acc806b639519e9fb,432f7a6bdfb7d11a53f75a967df8b22260fe7f443635e2ba351b6aa6333ef31b,ed510f1702fda5e5e5394d4c42207b3cec29d817fcce243d42bede15c0790350,3de42271d426499c50ae8495746dc28243bdeddc3d9ced2ca1a3a74e2bd2bde6,,86a23c0de4a3863c276a209023d169ec4655e73646a974af222b5ba61ec0251e,/var/lib/green-ecc-date2027-revision2/runs/bch78-seed-11,docs/date2027/revision2/results/REV2_RUN_RESULTS.csv
date2027_revision2,secded-comb-seed-13,secded_comb,secded-rtl-combinational-72-64-v1,extended-hamming-secded-72-64-v1,all W1 corrected; all W2 detected,5e1a591f1a6602b8d985008e8f1d2d087d738b8bf636ebd7bd03915e0a0d49e4,"{""scripts/gate03r/rtl/secded_characterization_tops.sv"":""560bc8092ba759f7dd3412a106d86a30a7498d88285298c721be2d5ef4dc440b"",""scripts/gate04/rtl/gate04_boundaries.sv"":""7de8e8d2933cdf17740ec5ec6f45a3654d5d54d9e419ed1c628ab29ca03308f8""}",PASS,docs/date2027/rigour_gate_03r/SECDED_PROOF_SUMMARY.json;docs/date2027/rigour_gate_03r/H2_ARCHITECTURE_CONTRACT.md,sky130hd_tt_025C_1v80_10ns,SKY130HD,tt_025C_1v80,1.8,25,13,10.0,1,1,A0_clean_no_error,100000,5777054292ef6b97af7f4924fb1f264fcbd030e598c32d7d12829b862e244998,ACTIVITY_POWER_PASS_FULL_PRECISION_TEXT,True,True,PASS_TIMING_MET,HOLD_CLEAN,0,18626.6,2076,349,5.56826,225.6450062503667,45257.0,9218,0.006703948136419,0.007899085991085,7.288157632956e-09,0.01460304111242,146.0450141653124,e8031339a83ebb9830d7f02362c3df11b15d916392ee60ffe64da34808fef42e,1f899de80aa9b1e44503647ae74dd7dd491009b3a6d228fc31ef74becc0f7f62,fcaf7fb012daddb364cfab4792355ae8e50d1ecc2866d0b96e284bcd8e476537,4efbf3ca52c175e7ed694251524c270280d09009758e3f7bd0060efef02159f8,29d1bbd3c61f9338421a8d27d0fee31f140ec57762169771407a690a3e62c9ec,e7248f87bfe42b22ef915401a7481b798df54f51cc1dcbcf03a45b99cc1aa4bc,/var/lib/green-ecc-date2027-revision2/runs/secded-comb-seed-13,docs/date2027/revision2/results/REV2_RUN_RESULTS.csv
date2027_revision2,secded-pipe-seed-13,secded_pipe,secded-rtl-pipelined-72-64-v1,extended-hamming-secded-72-64-v1,all W1 corrected; all W2 detected,4278fb0b46332d704204b3cd866959d0de48cc9a67f4046df1bb830eeb7f9a16,"{""asic/rtl/secded/secded_pipelined_72_64_v1.sv"":""e250a6741b6aa56e0bdc5892ac5753e4487769a6683f68db6ab9155c26a3b155"",""scripts/gate03r/rtl/secded_characterization_tops.sv"":""560bc8092ba759f7dd3412a106d86a30a7498d88285298c721be2d5ef4dc440b"",""scripts/gate04/rtl/gate04_boundaries.sv"":""7de8e8d2933cdf17740ec5ec6f45a3654d5d54d9e419ed1c628ab29ca03308f8""}",PASS,docs/date2027/rigour_gate_03r/SECDED_PROOF_SUMMARY.json;docs/date2027/rigour_gate_03r/H2_ARCHITECTURE_CONTRACT.md,sky130hd_tt_025C_1v80_10ns,SKY130HD,tt_025C_1v80,1.8,25,13,10.0,3,1,A0_clean_no_error,100000,5777054292ef6b97af7f4924fb1f264fcbd030e598c32d7d12829b862e244998,ACTIVITY_POWER_PASS_FULL_PRECISION_TEXT,True,True,PASS_TIMING_MET,HOLD_CLEAN,0,25569.5,2662,633,7.14712,350.5229802865876,50069.0,10930,0.00719641149044,0.003931290004402,9.801802924869e-09,0.01112771127373,111.28824044857373,f4ebbd4fd5c83b7c048bc6a33cec45ef9be3e63085a64d63c992fc7087046b84,9ae5240f82f598bc652f6cd8eb07763962839844019999ea85c075f65b0765fe,ae02e4ff97ee4f1837c433b6cb7a7eac6482d314e6300424d043edba1f05e246,c01c19494b0e6c66996639b9f08ddd797a393c04ec62a914022d0289d6323fda,1dcc0b3ba6ed12f3e03109c9390e477030471a0e5f83ea695c7f709ecff21c7c,dfecdb728f9b36a377efdf231b530430f478b458478cce5468ae484fc6644999,/var/lib/green-ecc-date2027-revision2/runs/secded-pipe-seed-13,docs/date2027/revision2/results/REV2_RUN_RESULTS.csv
date2027_revision2,hsiao-algorithmic-seed-13,hsiao_algorithmic,hsiao-algorithmic-combinational-72-64-rev2-v1,hsiao-secded-72-64-v1,all W1 corrected; all W2 detected,0f685e866f80c7a01bad7102ee4e121b1122587ba142df5aa47c15c69bb9f381,"{""green_ecc_physical_simulation/rtl/hsiao_secded_72_64/hsiao_secded_72_64_v1_encoder.sv"":""638b36ff3ab1ee31bb8e29b8d5ea064b5b36d1d7df7a3f2b96c52e305a31e036"",""green_ecc_physical_simulation/rtl/hsiao_secded_72_64/hsiao_secded_72_64_v1_syndrome.sv"":""5b232248546e1945ab5084b7f4850851bb62c6e54dc9c4fa00950e2a457590be"",""green_ecc_physical_simulation/rtl/hsiao_secded_72_64/hsiao_secded_72_64_v2_algorithmic_decoder.sv"":""3c422dbbddab55e8e2ae141b571e60e63f4ecd87ac409d64b59cc184f21aadcf"",""scripts/revision2/rtl/rev2_hsiao_boundary.sv"":""3fdc3984b222b925ccc9d415a548e88f5e75a82539c67ac187e5c1d0c33f9c73""}",PASS,docs/date2027/revision2/REV2_HSIAO_QUALIFICATION.json;docs/date2027/revision2/REV2_HSIAO_EXACT_IDENTITY.log,sky130hd_tt_025C_1v80_10ns,SKY130HD,tt_025C_1v80,1.8,25,13,10.0,1,1,A0_clean_no_error,100000,0117c68c59ca87e85b4aa699eca26be1d20d83e26213030ee835cc4739542c99,ACTIVITY_POWER_PASS_FULL_PRECISION_TEXT,True,True,PASS_TIMING_MET,HOLD_CLEAN,0,19179.6,2175,349,5.36057,215.54371981040774,50142.0,9611,0.006961538922042,0.007924395613372,7.45885042619e-09,0.01488594152033,148.87430114482032,0b280e340c0e286d8b59ff969da188fb3a82b64a26ecceef74495027566bb92f,8bfe0a2f51b96b318a9b9feaae9208378083b334e6a7db57dad170770eca7870,1906b3694e2b02535b02751c084e52530b4c158398ac1e13635b871b4209b68c,42226c7d8463e116be0b34713582bd5d7be37d374f8f277967bacbdcb23f8d21,b24278b8bb6c631f9979f31b8ca3661b29d63d7961458376edead620516c5c1c,bfe1074f0bd4be26999730c26a63fae142038a313e64b8f0e711c1475fda78a5,/var/lib/green-ecc-date2027-revision2/runs/hsiao-algorithmic-seed-13,docs/date2027/revision2/results/REV2_RUN_RESULTS.csv
date2027_revision2,bch78-seed-13,bch78,shortened-bch-78-64-t2-v1-rtl-syndrome-chien-v1,shortened-bch-78-64-t2-v1,all W0/W1/W2 corrected; W3 characterized without guarantee,a6d3d343b2f404f53bd34e51ca84abe66564bee075c784d8e18567de28c3dee6,"{""asic/rtl/bch/bch_78_64_t2_v1.sv"":""2cc8b0dd23f3cce9a091ea418a2c2d4fff5f016361228a66e6c151a7c49360e7"",""scripts/gate04/rtl/gate04_boundaries.sv"":""7de8e8d2933cdf17740ec5ec6f45a3654d5d54d9e419ed1c628ab29ca03308f8""}",PASS,docs/date2027/rigour_gate_03r/EXACT_PROOF_SUMMARY.json;docs/date2027/rigour_gate_03r/FORMAL_PROOF_INDEX.csv;docs/date2027/rigour_gate_03r/BCH_78_64_T2_CONTRACT.md,sky130hd_tt_025C_1v80_10ns,SKY130HD,tt_025C_1v80,1.8,25,13,10.0,1,1,A0_clean_no_error,100000,84186d94f6f2afa346e15013a6d351eb824892f474e62c8df7dff8f1091e2ff2,TRACE_AVAILABLE_POWER_NOT_RUN_TIMING_INELIGIBLE,True,False,PASS_TIMING_MISSED,HOLD_CLEAN,66,57762.9,7168,367,-5.17499,65.89790174491054,191875.0,36095,,,,,,e1ca6f5b80090b26f9a2d611a5020012279988832954024c34ed09a1501ec84b,b2476bac53ed0213b27f34287aa0b02405124da47421f8da5cb7356f4a23e77a,ed510f1702fda5e5e5394d4c42207b3cec29d817fcce243d42bede15c0790350,d1ae775857578954096353bd62bed97e99e0830bbf5bb334e050ae7897d3ffe9,,ee56868b72041f1e401fc6fa7942d97d1dc4c8c81ec69c9af83c7e317ebf65b6,/var/lib/green-ecc-date2027-revision2/runs/bch78-seed-13,docs/date2027/revision2/results/REV2_RUN_RESULTS.csv
date2027_revision2,secded-comb-seed-17,secded_comb,secded-rtl-combinational-72-64-v1,extended-hamming-secded-72-64-v1,all W1 corrected; all W2 detected,5e1a591f1a6602b8d985008e8f1d2d087d738b8bf636ebd7bd03915e0a0d49e4,"{""scripts/gate03r/rtl/secded_characterization_tops.sv"":""560bc8092ba759f7dd3412a106d86a30a7498d88285298c721be2d5ef4dc440b"",""scripts/gate04/rtl/gate04_boundaries.sv"":""7de8e8d2933cdf17740ec5ec6f45a3654d5d54d9e419ed1c628ab29ca03308f8""}",PASS,docs/date2027/rigour_gate_03r/SECDED_PROOF_SUMMARY.json;docs/date2027/rigour_gate_03r/H2_ARCHITECTURE_CONTRACT.md,sky130hd_tt_025C_1v80_10ns,SKY130HD,tt_025C_1v80,1.8,25,17,10.0,1,1,A0_clean_no_error,100000,5777054292ef6b97af7f4924fb1f264fcbd030e598c32d7d12829b862e244998,ACTIVITY_POWER_PASS_FULL_PRECISION_TEXT,True,True,PASS_TIMING_MET,HOLD_CLEAN,0,18728.0,2078,349,5.83,239.80815347721824,45233.0,9258,0.006813587620854,0.007834433577955,7.337091378901e-09,0.01464802864939,146.49493452254939,f5fc9bb2f572551a7a50eabaf9388af80fff8b6b3ca89bd8af3765f591fbdf5a,89155e6fed470ff5d8343050d1a69b347fecc58c2aa493c43ad9866ceb209bb8,fcaf7fb012daddb364cfab4792355ae8e50d1ecc2866d0b96e284bcd8e476537,c1480b4c634ba1384f4e9d31be82a2c4ba03c1686183577d715a4e90891c1130,08d717f1e77dbf17f6e7ab8fdc82ace34fdb3d7139530d480e541ff578793314,b903bdd4a1d058a6522f769df2c2ec80315315ff68457790d8d253cdfe6a07ae,/var/lib/green-ecc-date2027-revision2/runs/secded-comb-seed-17,docs/date2027/revision2/results/REV2_RUN_RESULTS.csv
date2027_revision2,secded-pipe-seed-17,secded_pipe,secded-rtl-pipelined-72-64-v1,extended-hamming-secded-72-64-v1,all W1 corrected; all W2 detected,4278fb0b46332d704204b3cd866959d0de48cc9a67f4046df1bb830eeb7f9a16,"{""asic/rtl/secded/secded_pipelined_72_64_v1.sv"":""e250a6741b6aa56e0bdc5892ac5753e4487769a6683f68db6ab9155c26a3b155"",""scripts/gate03r/rtl/secded_characterization_tops.sv"":""560bc8092ba759f7dd3412a106d86a30a7498d88285298c721be2d5ef4dc440b"",""scripts/gate04/rtl/gate04_boundaries.sv"":""7de8e8d2933cdf17740ec5ec6f45a3654d5d54d9e419ed1c628ab29ca03308f8""}",PASS,docs/date2027/rigour_gate_03r/SECDED_PROOF_SUMMARY.json;docs/date2027/rigour_gate_03r/H2_ARCHITECTURE_CONTRACT.md,sky130hd_tt_025C_1v80_10ns,SKY130HD,tt_025C_1v80,1.8,25,17,10.0,3,1,A0_clean_no_error,100000,5777054292ef6b97af7f4924fb1f264fcbd030e598c32d7d12829b862e244998,ACTIVITY_POWER_PASS_FULL_PRECISION_TEXT,True,True,PASS_TIMING_MET,HOLD_CLEAN,0,25627.1,2661,633,7.12398,347.7027280756045,50101.0,10923,0.007249136455357,0.003952791448683,9.837583192507e-09,0.01120193768293,112.03057876698293,e0f16e6591e29bd1c412bbeb22a7b4a60112fac8421a946933c3b34be2371357,aa93c1d1b6f5b599bda6d40bb3e9e35a7a1b80c484748619e1a4e68727aa4a92,ae02e4ff97ee4f1837c433b6cb7a7eac6482d314e6300424d043edba1f05e246,21d16a11f87fbd0e17d869c64f4a0e5d2e1998bb2aa19b14a16c503ed05500a8,68bf8e26a40c9e9c2a935778eb982d6c966d6c9abb178ca67ca7d9cf26f43bd8,5ba853e278a21de1817a422a7306329069e2dccc5a21704e83c26b3cdb9d65b8,/var/lib/green-ecc-date2027-revision2/runs/secded-pipe-seed-17,docs/date2027/revision2/results/REV2_RUN_RESULTS.csv
date2027_revision2,hsiao-algorithmic-seed-17,hsiao_algorithmic,hsiao-algorithmic-combinational-72-64-rev2-v1,hsiao-secded-72-64-v1,all W1 corrected; all W2 detected,0f685e866f80c7a01bad7102ee4e121b1122587ba142df5aa47c15c69bb9f381,"{""green_ecc_physical_simulation/rtl/hsiao_secded_72_64/hsiao_secded_72_64_v1_encoder.sv"":""638b36ff3ab1ee31bb8e29b8d5ea064b5b36d1d7df7a3f2b96c52e305a31e036"",""green_ecc_physical_simulation/rtl/hsiao_secded_72_64/hsiao_secded_72_64_v1_syndrome.sv"":""5b232248546e1945ab5084b7f4850851bb62c6e54dc9c4fa00950e2a457590be"",""green_ecc_physical_simulation/rtl/hsiao_secded_72_64/hsiao_secded_72_64_v2_algorithmic_decoder.sv"":""3c422dbbddab55e8e2ae141b571e60e63f4ecd87ac409d64b59cc184f21aadcf"",""scripts/revision2/rtl/rev2_hsiao_boundary.sv"":""3fdc3984b222b925ccc9d415a548e88f5e75a82539c67ac187e5c1d0c33f9c73""}",PASS,docs/date2027/revision2/REV2_HSIAO_QUALIFICATION.json;docs/date2027/revision2/REV2_HSIAO_EXACT_IDENTITY.log,sky130hd_tt_025C_1v80_10ns,SKY130HD,tt_025C_1v80,1.8,25,17,10.0,1,1,A0_clean_no_error,100000,0117c68c59ca87e85b4aa699eca26be1d20d83e26213030ee835cc4739542c99,ACTIVITY_POWER_PASS_FULL_PRECISION_TEXT,True,True,PASS_TIMING_MET,HOLD_CLEAN,0,19135.9,2173,349,5.1695,207.01790704895976,49599.0,9759,0.006907750386745,0.007997064851224,7.448124783593e-09,0.01490482315421,149.06313636525422,2f98b751179700f6d3524cbc4066ce80270481c9fefe7adcc2981e3237b26d83,53f342a3b3bcc3d33e8c60482a1e5e120a3f59eea6556c48c3c4ed81ae0ea800,1906b3694e2b02535b02751c084e52530b4c158398ac1e13635b871b4209b68c,e83fffc38ba954d5285758da5a6203ea9b2b4d9515653abbf9554def75c30fb0,8b052394f90458c3f41439bd0bde145054ccf0ac6c580a6c7b7e0001051400e6,8c87d45d1c9a974f0fc7f7559adf5f66781c2ee7399e57ff70d738d0a999a74d,/var/lib/green-ecc-date2027-revision2/runs/hsiao-algorithmic-seed-17,docs/date2027/revision2/results/REV2_RUN_RESULTS.csv
date2027_revision2,bch78-seed-17,bch78,shortened-bch-78-64-t2-v1-rtl-syndrome-chien-v1,shortened-bch-78-64-t2-v1,all W0/W1/W2 corrected; W3 characterized without guarantee,a6d3d343b2f404f53bd34e51ca84abe66564bee075c784d8e18567de28c3dee6,"{""asic/rtl/bch/bch_78_64_t2_v1.sv"":""2cc8b0dd23f3cce9a091ea418a2c2d4fff5f016361228a66e6c151a7c49360e7"",""scripts/gate04/rtl/gate04_boundaries.sv"":""7de8e8d2933cdf17740ec5ec6f45a3654d5d54d9e419ed1c628ab29ca03308f8""}",PASS,docs/date2027/rigour_gate_03r/EXACT_PROOF_SUMMARY.json;docs/date2027/rigour_gate_03r/FORMAL_PROOF_INDEX.csv;docs/date2027/rigour_gate_03r/BCH_78_64_T2_CONTRACT.md,sky130hd_tt_025C_1v80_10ns,SKY130HD,tt_025C_1v80,1.8,25,17,10.0,1,1,A0_clean_no_error,100000,84186d94f6f2afa346e15013a6d351eb824892f474e62c8df7dff8f1091e2ff2,TRACE_AVAILABLE_POWER_NOT_RUN_TIMING_INELIGIBLE,True,False,PASS_TIMING_MISSED,HOLD_CLEAN,66,57036.0,7095,367,-4.77921,67.66261525480726,183231.0,35984,,,,,,c35e6a1be44f725ee4c57a6ceba96e1d6752e1f7e06f3b20e917432b1bf47e64,104c83a1d2d0f6aed8d37a71aaea3bbff2a9bb10d23f4a77c9a0441ee0e4fa1f,ed510f1702fda5e5e5394d4c42207b3cec29d817fcce243d42bede15c0790350,5f920c01ef5a7da4fb80a19029b32935a1dc95e6b227e72979acb9a2866ef360,,4747b3909a62b618fd8c8032d1b943a09666cc1b0e40f35c33a48cd497c81bba,/var/lib/green-ecc-date2027-revision2/runs/bch78-seed-17,docs/date2027/revision2/results/REV2_RUN_RESULTS.csv
date2027_revision2,secded-comb-seed-19,secded_comb,secded-rtl-combinational-72-64-v1,extended-hamming-secded-72-64-v1,all W1 corrected; all W2 detected,5e1a591f1a6602b8d985008e8f1d2d087d738b8bf636ebd7bd03915e0a0d49e4,"{""scripts/gate03r/rtl/secded_characterization_tops.sv"":""560bc8092ba759f7dd3412a106d86a30a7498d88285298c721be2d5ef4dc440b"",""scripts/gate04/rtl/gate04_boundaries.sv"":""7de8e8d2933cdf17740ec5ec6f45a3654d5d54d9e419ed1c628ab29ca03308f8""}",PASS,docs/date2027/rigour_gate_03r/SECDED_PROOF_SUMMARY.json;docs/date2027/rigour_gate_03r/H2_ARCHITECTURE_CONTRACT.md,sky130hd_tt_025C_1v80_10ns,SKY130HD,tt_025C_1v80,1.8,25,19,10.0,1,1,A0_clean_no_error,100000,5777054292ef6b97af7f4924fb1f264fcbd030e598c32d7d12829b862e244998,ACTIVITY_POWER_PASS_FULL_PRECISION_TEXT,True,True,PASS_TIMING_MET,HOLD_CLEAN,0,18655.4,2074,349,5.91939,245.06140013380352,44822.0,9042,0.006754889618605,0.007814452052116,7.305763105592e-09,0.01456934958696,145.70806521918695,8b3c348d7b8e9878ee7f004ef42c58a0baac2c29c1124166b9125ae72aafd0b0,15d70f212a0554d867e3fc8d391c91b4e89c0cd3968e942822e4c3fd0ebf65c4,fcaf7fb012daddb364cfab4792355ae8e50d1ecc2866d0b96e284bcd8e476537,679002730b6253109ac34c67b0642229c5917e52c44d2228455fcf60c3083fe9,714156c4cd8966afcb890e42442fa487d9c3511e6b325d54f2cebbb159106282,92482ca10e3139b4f2d3b9d0a904ce313f5612ee8e731aec5640835210757e1c,/var/lib/green-ecc-date2027-revision2/runs/secded-comb-seed-19,docs/date2027/revision2/results/REV2_RUN_RESULTS.csv
date2027_revision2,secded-pipe-seed-19,secded_pipe,secded-rtl-pipelined-72-64-v1,extended-hamming-secded-72-64-v1,all W1 corrected; all W2 detected,4278fb0b46332d704204b3cd866959d0de48cc9a67f4046df1bb830eeb7f9a16,"{""asic/rtl/secded/secded_pipelined_72_64_v1.sv"":""e250a6741b6aa56e0bdc5892ac5753e4487769a6683f68db6ab9155c26a3b155"",""scripts/gate03r/rtl/secded_characterization_tops.sv"":""560bc8092ba759f7dd3412a106d86a30a7498d88285298c721be2d5ef4dc440b"",""scripts/gate04/rtl/gate04_boundaries.sv"":""7de8e8d2933cdf17740ec5ec6f45a3654d5d54d9e419ed1c628ab29ca03308f8""}",PASS,docs/date2027/rigour_gate_03r/SECDED_PROOF_SUMMARY.json;docs/date2027/rigour_gate_03r/H2_ARCHITECTURE_CONTRACT.md,sky130hd_tt_025C_1v80_10ns,SKY130HD,tt_025C_1v80,1.8,25,19,10.0,3,1,A0_clean_no_error,100000,5777054292ef6b97af7f4924fb1f264fcbd030e598c32d7d12829b862e244998,ACTIVITY_POWER_PASS_FULL_PRECISION_TEXT,True,True,PASS_TIMING_MET,HOLD_CLEAN,0,25639.6,2661,633,7.12868,348.27187495646604,49956.0,10884,0.007258250378072,0.003925839904696,9.836550241005e-09,0.01118410099298,111.85219403079297,c658e07f7c0faa360bac4b09585cd2f6f8763ce1169fa7ac3b602e02554100b7,8c5e547d42d6e2ed20192b7818ef4641129aa596e41ea383fad817ece46b4851,ae02e4ff97ee4f1837c433b6cb7a7eac6482d314e6300424d043edba1f05e246,e7efea78378399059e498f5c6de601ac5aae417b9323b8b5d2b93daba2f479a9,e7da21d95bfa42f085bc6c747ee0086430b95215f4b4135bb51b7448dc6f4040,57ad4c1d5822d011331a9e9e6e8549a5bb8380edfa0050cb15974b96127599aa,/var/lib/green-ecc-date2027-revision2/runs/secded-pipe-seed-19,docs/date2027/revision2/results/REV2_RUN_RESULTS.csv
date2027_revision2,hsiao-algorithmic-seed-19,hsiao_algorithmic,hsiao-algorithmic-combinational-72-64-rev2-v1,hsiao-secded-72-64-v1,all W1 corrected; all W2 detected,0f685e866f80c7a01bad7102ee4e121b1122587ba142df5aa47c15c69bb9f381,"{""green_ecc_physical_simulation/rtl/hsiao_secded_72_64/hsiao_secded_72_64_v1_encoder.sv"":""638b36ff3ab1ee31bb8e29b8d5ea064b5b36d1d7df7a3f2b96c52e305a31e036"",""green_ecc_physical_simulation/rtl/hsiao_secded_72_64/hsiao_secded_72_64_v1_syndrome.sv"":""5b232248546e1945ab5084b7f4850851bb62c6e54dc9c4fa00950e2a457590be"",""green_ecc_physical_simulation/rtl/hsiao_secded_72_64/hsiao_secded_72_64_v2_algorithmic_decoder.sv"":""3c422dbbddab55e8e2ae141b571e60e63f4ecd87ac409d64b59cc184f21aadcf"",""scripts/revision2/rtl/rev2_hsiao_boundary.sv"":""3fdc3984b222b925ccc9d415a548e88f5e75a82539c67ac187e5c1d0c33f9c73""}",PASS,docs/date2027/revision2/REV2_HSIAO_QUALIFICATION.json;docs/date2027/revision2/REV2_HSIAO_EXACT_IDENTITY.log,sky130hd_tt_025C_1v80_10ns,SKY130HD,tt_025C_1v80,1.8,25,19,10.0,1,1,A0_clean_no_error,100000,0117c68c59ca87e85b4aa699eca26be1d20d83e26213030ee835cc4739542c99,ACTIVITY_POWER_PASS_FULL_PRECISION_TEXT,True,True,PASS_TIMING_MET,HOLD_CLEAN,0,19228.4,2177,349,5.33407,214.31954615692905,49617.0,9734,0.007025962695479,0.008049633353949,7.482571895423e-09,0.01507560350001,150.77111060360002,70287584945bd442984a107725602a0b1345a91dac33544d350e53cfb9eefdb9,c96e4102b3861dc63a8341b2fb9ca64f429d4233a9acb1925eb82d82fef23187,1906b3694e2b02535b02751c084e52530b4c158398ac1e13635b871b4209b68c,9c8ee11c99138a1d57bfad97cb990b8bae649a804572688d1e4e15fabfe1f354,ba1c8cb92e5dfeabd317e78eb58573ef2fa1d06c6c6166d2fc3b3bbe14323fe4,431479b2d6403e1f7a4a2164354d610b380db4f84e0a9839a52909167755fe84,/var/lib/green-ecc-date2027-revision2/runs/hsiao-algorithmic-seed-19,docs/date2027/revision2/results/REV2_RUN_RESULTS.csv
date2027_revision2,bch78-seed-19,bch78,shortened-bch-78-64-t2-v1-rtl-syndrome-chien-v1,shortened-bch-78-64-t2-v1,all W0/W1/W2 corrected; W3 characterized without guarantee,a6d3d343b2f404f53bd34e51ca84abe66564bee075c784d8e18567de28c3dee6,"{""asic/rtl/bch/bch_78_64_t2_v1.sv"":""2cc8b0dd23f3cce9a091ea418a2c2d4fff5f016361228a66e6c151a7c49360e7"",""scripts/gate04/rtl/gate04_boundaries.sv"":""7de8e8d2933cdf17740ec5ec6f45a3654d5d54d9e419ed1c628ab29ca03308f8""}",PASS,docs/date2027/rigour_gate_03r/EXACT_PROOF_SUMMARY.json;docs/date2027/rigour_gate_03r/FORMAL_PROOF_INDEX.csv;docs/date2027/rigour_gate_03r/BCH_78_64_T2_CONTRACT.md,sky130hd_tt_025C_1v80_10ns,SKY130HD,tt_025C_1v80,1.8,25,19,10.0,1,1,A0_clean_no_error,100000,84186d94f6f2afa346e15013a6d351eb824892f474e62c8df7dff8f1091e2ff2,TRACE_AVAILABLE_POWER_NOT_RUN_TIMING_INELIGIBLE,True,False,PASS_TIMING_MISSED,HOLD_CLEAN,66,57103.5,7129,367,-5.1463,66.02272502195255,179964.0,36370,,,,,,5e42b91a356461b010424ab42124adccf3583f83e60ca593271e4076ea567dcc,5cd7d9da640317f22739de7badaea2c7087808b2cac54d16648276dd80659716,ed510f1702fda5e5e5394d4c42207b3cec29d817fcce243d42bede15c0790350,cb85c85053a6d5401b52b76c5952f55701a8e51fc0bbbe4654df12b886a60348,,2a205e64828c5cf7f36b5c1f8855b94d7af4f5cc0867b2b764f6ec21d52fc900,/var/lib/green-ecc-date2027-revision2/runs/bch78-seed-19,docs/date2027/revision2/results/REV2_RUN_RESULTS.csv
date2027_revision2,secded-comb-seed-23,secded_comb,secded-rtl-combinational-72-64-v1,extended-hamming-secded-72-64-v1,all W1 corrected; all W2 detected,5e1a591f1a6602b8d985008e8f1d2d087d738b8bf636ebd7bd03915e0a0d49e4,"{""scripts/gate03r/rtl/secded_characterization_tops.sv"":""560bc8092ba759f7dd3412a106d86a30a7498d88285298c721be2d5ef4dc440b"",""scripts/gate04/rtl/gate04_boundaries.sv"":""7de8e8d2933cdf17740ec5ec6f45a3654d5d54d9e419ed1c628ab29ca03308f8""}",PASS,docs/date2027/rigour_gate_03r/SECDED_PROOF_SUMMARY.json;docs/date2027/rigour_gate_03r/H2_ARCHITECTURE_CONTRACT.md,sky130hd_tt_025C_1v80_10ns,SKY130HD,tt_025C_1v80,1.8,25,23,10.0,1,1,A0_clean_no_error,100000,5777054292ef6b97af7f4924fb1f264fcbd030e598c32d7d12829b862e244998,ACTIVITY_POWER_PASS_FULL_PRECISION_TEXT,True,True,PASS_TIMING_MET,HOLD_CLEAN,0,18594.1,2074,349,5.83403,240.0401347105236,44664.0,9158,0.006707548629493,0.007774383760989,7.270191115794e-09,0.0144819393754,144.8338756933754,8ecab5fee191b20da37dee4e96cbca1dbff5fd100b0726031de3fdae2102cbac,82919357520e917b13ea51ee319fd289d65e68733ad1f62907805eeb46dee46e,fcaf7fb012daddb364cfab4792355ae8e50d1ecc2866d0b96e284bcd8e476537,1696b289e417d58f4b4676033d5700b5fbbf3b9b1912bd3fc0bc93b754c7390d,4a1aa2b8233f59d79f5d07ddf2602af089e8b2f74da9a91c6afcd761b3de6def,16a7a8cc994a580c32bc0d97bb50793e882779cb8ba5c01967ab9e7ab909c1aa,/var/lib/green-ecc-date2027-revision2/runs/secded-comb-seed-23,docs/date2027/revision2/results/REV2_RUN_RESULTS.csv
date2027_revision2,secded-pipe-seed-23,secded_pipe,secded-rtl-pipelined-72-64-v1,extended-hamming-secded-72-64-v1,all W1 corrected; all W2 detected,4278fb0b46332d704204b3cd866959d0de48cc9a67f4046df1bb830eeb7f9a16,"{""asic/rtl/secded/secded_pipelined_72_64_v1.sv"":""e250a6741b6aa56e0bdc5892ac5753e4487769a6683f68db6ab9155c26a3b155"",""scripts/gate03r/rtl/secded_characterization_tops.sv"":""560bc8092ba759f7dd3412a106d86a30a7498d88285298c721be2d5ef4dc440b"",""scripts/gate04/rtl/gate04_boundaries.sv"":""7de8e8d2933cdf17740ec5ec6f45a3654d5d54d9e419ed1c628ab29ca03308f8""}",PASS,docs/date2027/rigour_gate_03r/SECDED_PROOF_SUMMARY.json;docs/date2027/rigour_gate_03r/H2_ARCHITECTURE_CONTRACT.md,sky130hd_tt_025C_1v80_10ns,SKY130HD,tt_025C_1v80,1.8,25,23,10.0,3,1,A0_clean_no_error,100000,5777054292ef6b97af7f4924fb1f264fcbd030e598c32d7d12829b862e244998,ACTIVITY_POWER_PASS_FULL_PRECISION_TEXT,True,True,PASS_TIMING_MET,HOLD_CLEAN,0,25614.6,2664,633,7.12265,347.5420091403549,49703.0,10843,0.007218887563795,0.004001861438155,9.822707980334e-09,0.01122075971216,112.21881788131216,17ad5e9b25a75e38ca950ae6ad659bfbe64b1b1c1b66cd0d520ba2c45bb7d524,0b9f9f1b1b9ab597cf55fb092fcab987745884865156229d39a7769ac56b1f33,ae02e4ff97ee4f1837c433b6cb7a7eac6482d314e6300424d043edba1f05e246,e0dfddfb389de2ba10c5db2e9bdb06a0d8badacc13b77a0762623ae76c1064db,23e9bb2d29731caf8d177f26d433b7f2c7dcfe5045c405d77cdbeab1f0f39884,affa60e17cc3d9a9311930cd3212e71b67ef55a3097aae68d017cde6325feea5,/var/lib/green-ecc-date2027-revision2/runs/secded-pipe-seed-23,docs/date2027/revision2/results/REV2_RUN_RESULTS.csv
date2027_revision2,hsiao-algorithmic-seed-23,hsiao_algorithmic,hsiao-algorithmic-combinational-72-64-rev2-v1,hsiao-secded-72-64-v1,all W1 corrected; all W2 detected,0f685e866f80c7a01bad7102ee4e121b1122587ba142df5aa47c15c69bb9f381,"{""green_ecc_physical_simulation/rtl/hsiao_secded_72_64/hsiao_secded_72_64_v1_encoder.sv"":""638b36ff3ab1ee31bb8e29b8d5ea064b5b36d1d7df7a3f2b96c52e305a31e036"",""green_ecc_physical_simulation/rtl/hsiao_secded_72_64/hsiao_secded_72_64_v1_syndrome.sv"":""5b232248546e1945ab5084b7f4850851bb62c6e54dc9c4fa00950e2a457590be"",""green_ecc_physical_simulation/rtl/hsiao_secded_72_64/hsiao_secded_72_64_v2_algorithmic_decoder.sv"":""3c422dbbddab55e8e2ae141b571e60e63f4ecd87ac409d64b59cc184f21aadcf"",""scripts/revision2/rtl/rev2_hsiao_boundary.sv"":""3fdc3984b222b925ccc9d415a548e88f5e75a82539c67ac187e5c1d0c33f9c73""}",PASS,docs/date2027/revision2/REV2_HSIAO_QUALIFICATION.json;docs/date2027/revision2/REV2_HSIAO_EXACT_IDENTITY.log,sky130hd_tt_025C_1v80_10ns,SKY130HD,tt_025C_1v80,1.8,25,23,10.0,1,1,A0_clean_no_error,100000,0117c68c59ca87e85b4aa699eca26be1d20d83e26213030ee835cc4739542c99,ACTIVITY_POWER_PASS_FULL_PRECISION_TEXT,True,True,PASS_TIMING_MET,HOLD_CLEAN,0,19152.1,2175,349,5.3622,215.61947475095948,49791.0,9763,0.006935041863471,0.00797257386148,7.457381379083e-09,0.01490762270987,149.09113472140987,e49ab61542f156bf2af7cb3fc295a54c467342fd59aa63c27ceef8220a16759a,b714480f260e014124a581c7238a09b067f27fe9ebe8ac0631dbe9770f973f82,1906b3694e2b02535b02751c084e52530b4c158398ac1e13635b871b4209b68c,33ae7863fc62b55eb29cc142feef06654893a10d80dd95bda2160f6758f38dc1,5a098203d70c2ff0fcb4e4b0fb21b9cd44c66a63da4f4cfb6c772fba05303f1b,22989330711a5d01144290b7d2c977f9e21988796c0a9201156d93e2a5369358,/var/lib/green-ecc-date2027-revision2/runs/hsiao-algorithmic-seed-23,docs/date2027/revision2/results/REV2_RUN_RESULTS.csv
date2027_revision2,bch78-seed-23,bch78,shortened-bch-78-64-t2-v1-rtl-syndrome-chien-v1,shortened-bch-78-64-t2-v1,all W0/W1/W2 corrected; W3 characterized without guarantee,a6d3d343b2f404f53bd34e51ca84abe66564bee075c784d8e18567de28c3dee6,"{""asic/rtl/bch/bch_78_64_t2_v1.sv"":""2cc8b0dd23f3cce9a091ea418a2c2d4fff5f016361228a66e6c151a7c49360e7"",""scripts/gate04/rtl/gate04_boundaries.sv"":""7de8e8d2933cdf17740ec5ec6f45a3654d5d54d9e419ed1c628ab29ca03308f8""}",PASS,docs/date2027/rigour_gate_03r/EXACT_PROOF_SUMMARY.json;docs/date2027/rigour_gate_03r/FORMAL_PROOF_INDEX.csv;docs/date2027/rigour_gate_03r/BCH_78_64_T2_CONTRACT.md,sky130hd_tt_025C_1v80_10ns,SKY130HD,tt_025C_1v80,1.8,25,23,10.0,1,1,A0_clean_no_error,100000,84186d94f6f2afa346e15013a6d351eb824892f474e62c8df7dff8f1091e2ff2,TRACE_AVAILABLE_POWER_NOT_RUN_TIMING_INELIGIBLE,True,False,PASS_TIMING_MISSED,HOLD_CLEAN,66,56992.2,7142,367,-5.16512,65.94079044544323,186774.0,35942,,,,,,b74a51c92eb275c7836d4bd8c4596cdb27f44f5e57d49b3a509d8205245d0e88,756293e9669a59d7543bf783b55c0fb24c2f38ae02849ce55a0d0ba00347d6a0,ed510f1702fda5e5e5394d4c42207b3cec29d817fcce243d42bede15c0790350,385e1f86130d4abc95586be0a2658863bf98c80cb70a55dca519e7ae8151e5b5,,ad74d875e13349c08aebb6d5bb7325fd016675a94d8e8bbcaeda8d179503382e,/var/lib/green-ecc-date2027-revision2/runs/bch78-seed-23,docs/date2027/revision2/results/REV2_RUN_RESULTS.csv
date2027_breadth_structural_10ns,A-hsiao-flat-seed-11,A_hsiao_flat,hsiao-algorithmic-combinational-72-64-rev2-v1,hsiao-secded-72-64-v1,all W1 corrected; all W2 detected,0f685e866f80c7a01bad7102ee4e121b1122587ba142df5aa47c15c69bb9f381,"{""green_ecc_physical_simulation/rtl/hsiao_secded_72_64/hsiao_secded_72_64_v1_encoder.sv"":""638b36ff3ab1ee31bb8e29b8d5ea064b5b36d1d7df7a3f2b96c52e305a31e036"",""green_ecc_physical_simulation/rtl/hsiao_secded_72_64/hsiao_secded_72_64_v1_syndrome.sv"":""5b232248546e1945ab5084b7f4850851bb62c6e54dc9c4fa00950e2a457590be"",""green_ecc_physical_simulation/rtl/hsiao_secded_72_64/hsiao_secded_72_64_v2_algorithmic_decoder.sv"":""3c422dbbddab55e8e2ae141b571e60e63f4ecd87ac409d64b59cc184f21aadcf"",""scripts/revision2/rtl/rev2_hsiao_boundary.sv"":""3fdc3984b222b925ccc9d415a548e88f5e75a82539c67ac187e5c1d0c33f9c73""}",PASS,docs/date2027/revision2/REV2_HSIAO_QUALIFICATION.json;docs/date2027/revision2/REV2_HSIAO_EXACT_IDENTITY.log,sky130hd_tt_025C_1v80_10ns,SKY130HD,tt_025C_1v80,1.8,25,11,10.0,1,1,A0_clean_no_error,100000,0117c68c59ca87e85b4aa699eca26be1d20d83e26213030ee835cc4739542c99,ACTIVITY_POWER_PASS_FULL_PRECISION_TEXT,True,True,PASS_TARGET_MET,HOLD_CLEAN,0,19257.2,2177,349,5.28434,212.0593935949581,49903.0,9723,0.007042227312922,0.007960772141814,7.510577937353e-09,0.01500300690532,150.04507206010533,7c3cbb392d0bfacfdd7cebb4cc4cb316f4a3ba4dd4ef84ba55307c7be7d9352e,d43d23b3b0d28be5ffc9745287eaf71ef8ea619ae436c024b34e96391fe1668b,1906b3694e2b02535b02751c084e52530b4c158398ac1e13635b871b4209b68c,128291539ff0fe3326b060c31cb9a339db5f1590635b4b3e8b7537ce0a52103b,d14136984d1ad6a61d156c153c3b15d7bfb398c1a9277c4677a029de7fb6cc1a,0420a2d0347e3d0a05d62251e06e1f8047cfa98220df605eb54f8f43c22c516f,/var/lib/green-ecc-date2027-breadth-remediation/runs/A/A-hsiao-flat-seed-11,campaigns/date_2027_breadth_remediation/analysis/A_structural_pair_per_seed.csv
date2027_breadth_structural_10ns,A-hsiao-hierarchical-seed-11,A_hsiao_hierarchical,hsiao-hierarchical-nibble-decode-combinational-72-64-breadth-v1,hsiao-secded-72-64-v1,all W1 corrected; all W2 detected,7098891ef6389acbee2e675f2d763a641cb845f76fc53a1f20e8ba545968888d,"{""campaigns/date_2027_breadth_remediation/rtl/breadth_hsiao_hierarchical_boundary.sv"":""a0219f34938c54118e96a020b23dab2a03a4eb43a453044754c1c12af237c54b"",""campaigns/date_2027_breadth_remediation/rtl/hsiao_secded_72_64_v3_hierarchical_decoder.sv"":""678b3bf1c51be4b0d1167828140c3a56457f7a7442f9b0592545d07a5cafc253"",""green_ecc_physical_simulation/rtl/hsiao_secded_72_64/hsiao_secded_72_64_v1_encoder.sv"":""638b36ff3ab1ee31bb8e29b8d5ea064b5b36d1d7df7a3f2b96c52e305a31e036"",""green_ecc_physical_simulation/rtl/hsiao_secded_72_64/hsiao_secded_72_64_v1_syndrome.sv"":""5b232248546e1945ab5084b7f4850851bb62c6e54dc9c4fa00950e2a457590be""}",PASS,campaigns/date_2027_breadth_remediation/formal/results/A_formal_qualification.json;campaigns/date_2027_breadth_remediation/formal/results/A_decoder_exact_equivalence.log;campaigns/date_2027_breadth_remediation/formal/results/A_boundary_exact_equivalence.log,sky130hd_tt_025C_1v80_10ns,SKY130HD,tt_025C_1v80,1.8,25,11,10.0,1,1,A0_clean_no_error,100000,0117c68c59ca87e85b4aa699eca26be1d20d83e26213030ee835cc4739542c99,ACTIVITY_POWER_PASS_FULL_PRECISION_TEXT,True,True,PASS_TARGET_MET,HOLD_CLEAN,0,19088.3,2180,349,4.98937,199.57570205742593,51897.0,10034,0.006735441740602,0.008551216684282,7.226077958222e-09,0.0152866654098,152.8819407634098,3b9b7991bd7016e6879153a9bef2d659499c75cae2df42b7c4a4a7eed63de465,3e9a26abcbc97c45b5d003e4cf01035088ac905580b58ae842141173d141fec4,7299aff7358a58428c0a117c2f587e10c6f55ff8527b755cfc070efbb6b7a15e,8563a02611fc39bd269f0ea47c907f98951b70fb7af6f0720bf74a9a0bd0f273,357c45a191d822aca24dbe4ad650d53aba67bd2355fcfd48d7f383f6225fb2fd,374e3a170c38bb464af971633f596b006ed32dcf58a594ec9ded522f07332f96,/var/lib/green-ecc-date2027-breadth-remediation/runs/A/A-hsiao-hierarchical-seed-11,campaigns/date_2027_breadth_remediation/analysis/A_structural_pair_per_seed.csv
date2027_breadth_structural_10ns,A-hsiao-flat-seed-13,A_hsiao_flat,hsiao-algorithmic-combinational-72-64-rev2-v1,hsiao-secded-72-64-v1,all W1 corrected; all W2 detected,0f685e866f80c7a01bad7102ee4e121b1122587ba142df5aa47c15c69bb9f381,"{""green_ecc_physical_simulation/rtl/hsiao_secded_72_64/hsiao_secded_72_64_v1_encoder.sv"":""638b36ff3ab1ee31bb8e29b8d5ea064b5b36d1d7df7a3f2b96c52e305a31e036"",""green_ecc_physical_simulation/rtl/hsiao_secded_72_64/hsiao_secded_72_64_v1_syndrome.sv"":""5b232248546e1945ab5084b7f4850851bb62c6e54dc9c4fa00950e2a457590be"",""green_ecc_physical_simulation/rtl/hsiao_secded_72_64/hsiao_secded_72_64_v2_algorithmic_decoder.sv"":""3c422dbbddab55e8e2ae141b571e60e63f4ecd87ac409d64b59cc184f21aadcf"",""scripts/revision2/rtl/rev2_hsiao_boundary.sv"":""3fdc3984b222b925ccc9d415a548e88f5e75a82539c67ac187e5c1d0c33f9c73""}",PASS,docs/date2027/revision2/REV2_HSIAO_QUALIFICATION.json;docs/date2027/revision2/REV2_HSIAO_EXACT_IDENTITY.log,sky130hd_tt_025C_1v80_10ns,SKY130HD,tt_025C_1v80,1.8,25,13,10.0,1,1,A0_clean_no_error,100000,0117c68c59ca87e85b4aa699eca26be1d20d83e26213030ee835cc4739542c99,ACTIVITY_POWER_PASS_FULL_PRECISION_TEXT,True,True,PASS_TARGET_MET,HOLD_CLEAN,0,19179.6,2175,349,5.36057,215.54371981040774,50142.0,9611,0.006961538922042,0.007924395613372,7.45885042619e-09,0.01488594152033,148.87430114482032,f65ff150c566ccb45fb970fefccb3c524f75f508862b00a85ec577410d0309ff,8bfe0a2f51b96b318a9b9feaae9208378083b334e6a7db57dad170770eca7870,1906b3694e2b02535b02751c084e52530b4c158398ac1e13635b871b4209b68c,2f91dddd59f4cf3ef8f90763e90c2a4b2a0bd977c325091a9d7440f9964df1a6,b24278b8bb6c631f9979f31b8ca3661b29d63d7961458376edead620516c5c1c,b9627387bfe8337409e10c848595aff27dcb504ba2fa2df62f9971aea197dca6,/var/lib/green-ecc-date2027-breadth-remediation/runs/A/A-hsiao-flat-seed-13,campaigns/date_2027_breadth_remediation/analysis/A_structural_pair_per_seed.csv
date2027_breadth_structural_10ns,A-hsiao-hierarchical-seed-13,A_hsiao_hierarchical,hsiao-hierarchical-nibble-decode-combinational-72-64-breadth-v1,hsiao-secded-72-64-v1,all W1 corrected; all W2 detected,7098891ef6389acbee2e675f2d763a641cb845f76fc53a1f20e8ba545968888d,"{""campaigns/date_2027_breadth_remediation/rtl/breadth_hsiao_hierarchical_boundary.sv"":""a0219f34938c54118e96a020b23dab2a03a4eb43a453044754c1c12af237c54b"",""campaigns/date_2027_breadth_remediation/rtl/hsiao_secded_72_64_v3_hierarchical_decoder.sv"":""678b3bf1c51be4b0d1167828140c3a56457f7a7442f9b0592545d07a5cafc253"",""green_ecc_physical_simulation/rtl/hsiao_secded_72_64/hsiao_secded_72_64_v1_encoder.sv"":""638b36ff3ab1ee31bb8e29b8d5ea064b5b36d1d7df7a3f2b96c52e305a31e036"",""green_ecc_physical_simulation/rtl/hsiao_secded_72_64/hsiao_secded_72_64_v1_syndrome.sv"":""5b232248546e1945ab5084b7f4850851bb62c6e54dc9c4fa00950e2a457590be""}",PASS,campaigns/date_2027_breadth_remediation/formal/results/A_formal_qualification.json;campaigns/date_2027_breadth_remediation/formal/results/A_decoder_exact_equivalence.log;campaigns/date_2027_breadth_remediation/formal/results/A_boundary_exact_equivalence.log,sky130hd_tt_025C_1v80_10ns,SKY130HD,tt_025C_1v80,1.8,25,13,10.0,1,1,A0_clean_no_error,100000,0117c68c59ca87e85b4aa699eca26be1d20d83e26213030ee835cc4739542c99,ACTIVITY_POWER_PASS_FULL_PRECISION_TEXT,True,True,PASS_TARGET_MET,HOLD_CLEAN,0,19043.3,2177,349,5.41569,218.13533552486632,51036.0,10103,0.006674079690129,0.008233274333179,7.202949792173e-09,0.01490736193955,149.08852675743955,6316705c848f67a77b5fb43e6d309be4840b757e31b53f56665f6df772cc28e0,e2966ab694d874285791466383ec7c433dc79150dd3f69ee63128121c30f930c,7299aff7358a58428c0a117c2f587e10c6f55ff8527b755cfc070efbb6b7a15e,9140faa249ef058d574b0082a9023185e52186f75d325b5ebd4ffbb657d1a223,af0a72a6442feb42de889514b1b775553d87e443ea92af22d62bd1097102d878,b676f360c9b92fd4985163deb3cc9a77011bc6b58df1e87748a20694469ca4f4,/var/lib/green-ecc-date2027-breadth-remediation/runs/A/A-hsiao-hierarchical-seed-13,campaigns/date_2027_breadth_remediation/analysis/A_structural_pair_per_seed.csv
date2027_breadth_structural_10ns,A-hsiao-flat-seed-17,A_hsiao_flat,hsiao-algorithmic-combinational-72-64-rev2-v1,hsiao-secded-72-64-v1,all W1 corrected; all W2 detected,0f685e866f80c7a01bad7102ee4e121b1122587ba142df5aa47c15c69bb9f381,"{""green_ecc_physical_simulation/rtl/hsiao_secded_72_64/hsiao_secded_72_64_v1_encoder.sv"":""638b36ff3ab1ee31bb8e29b8d5ea064b5b36d1d7df7a3f2b96c52e305a31e036"",""green_ecc_physical_simulation/rtl/hsiao_secded_72_64/hsiao_secded_72_64_v1_syndrome.sv"":""5b232248546e1945ab5084b7f4850851bb62c6e54dc9c4fa00950e2a457590be"",""green_ecc_physical_simulation/rtl/hsiao_secded_72_64/hsiao_secded_72_64_v2_algorithmic_decoder.sv"":""3c422dbbddab55e8e2ae141b571e60e63f4ecd87ac409d64b59cc184f21aadcf"",""scripts/revision2/rtl/rev2_hsiao_boundary.sv"":""3fdc3984b222b925ccc9d415a548e88f5e75a82539c67ac187e5c1d0c33f9c73""}",PASS,docs/date2027/revision2/REV2_HSIAO_QUALIFICATION.json;docs/date2027/revision2/REV2_HSIAO_EXACT_IDENTITY.log,sky130hd_tt_025C_1v80_10ns,SKY130HD,tt_025C_1v80,1.8,25,17,10.0,1,1,A0_clean_no_error,100000,0117c68c59ca87e85b4aa699eca26be1d20d83e26213030ee835cc4739542c99,ACTIVITY_POWER_PASS_FULL_PRECISION_TEXT,True,True,PASS_TARGET_MET,HOLD_CLEAN,0,19135.9,2173,349,5.1695,207.01790704895976,49599.0,9759,0.006907750386745,0.007997064851224,7.448124783593e-09,0.01490482315421,149.0631363652542,3634723be1f42b257494287ba88b7bc83e9007b0c343e31fb61720e00ac07634,53f342a3b3bcc3d33e8c60482a1e5e120a3f59eea6556c48c3c4ed81ae0ea800,1906b3694e2b02535b02751c084e52530b4c158398ac1e13635b871b4209b68c,21ee219bd62748a2b0ea5f4c92bb8ed6fe6552687af8661269a9c301bb42e3f6,8b052394f90458c3f41439bd0bde145054ccf0ac6c580a6c7b7e0001051400e6,58d1c4fa8361d45a3ae584f1e15f3181a997a10cc6434c3f2d7eb1cf6b3b5c3d,/var/lib/green-ecc-date2027-breadth-remediation/runs/A/A-hsiao-flat-seed-17,campaigns/date_2027_breadth_remediation/analysis/A_structural_pair_per_seed.csv
date2027_breadth_structural_10ns,A-hsiao-hierarchical-seed-17,A_hsiao_hierarchical,hsiao-hierarchical-nibble-decode-combinational-72-64-breadth-v1,hsiao-secded-72-64-v1,all W1 corrected; all W2 detected,7098891ef6389acbee2e675f2d763a641cb845f76fc53a1f20e8ba545968888d,"{""campaigns/date_2027_breadth_remediation/rtl/breadth_hsiao_hierarchical_boundary.sv"":""a0219f34938c54118e96a020b23dab2a03a4eb43a453044754c1c12af237c54b"",""campaigns/date_2027_breadth_remediation/rtl/hsiao_secded_72_64_v3_hierarchical_decoder.sv"":""678b3bf1c51be4b0d1167828140c3a56457f7a7442f9b0592545d07a5cafc253"",""green_ecc_physical_simulation/rtl/hsiao_secded_72_64/hsiao_secded_72_64_v1_encoder.sv"":""638b36ff3ab1ee31bb8e29b8d5ea064b5b36d1d7df7a3f2b96c52e305a31e036"",""green_ecc_physical_simulation/rtl/hsiao_secded_72_64/hsiao_secded_72_64_v1_syndrome.sv"":""5b232248546e1945ab5084b7f4850851bb62c6e54dc9c4fa00950e2a457590be""}",PASS,campaigns/date_2027_breadth_remediation/formal/results/A_formal_qualification.json;campaigns/date_2027_breadth_remediation/formal/results/A_decoder_exact_equivalence.log;campaigns/date_2027_breadth_remediation/formal/results/A_boundary_exact_equivalence.log,sky130hd_tt_025C_1v80_10ns,SKY130HD,tt_025C_1v80,1.8,25,17,10.0,1,1,A0_clean_no_error,100000,0117c68c59ca87e85b4aa699eca26be1d20d83e26213030ee835cc4739542c99,ACTIVITY_POWER_PASS_FULL_PRECISION_TEXT,True,True,PASS_TARGET_MET,HOLD_CLEAN,0,19088.3,2185,349,5.72922,234.14926547375418,51085.0,10090,0.00677306484431,0.008259353227913,7.222832110187e-09,0.0150324255228,150.3392876535228,72d75d9c22d66c873afc6004573f8343425d3ee8b6bc19174fbf52eb0f656947,46599d2030694556ced71c78d07802706247b17a24370664358a81850d1a0a03,7299aff7358a58428c0a117c2f587e10c6f55ff8527b755cfc070efbb6b7a15e,10cc2bb7506d12acca4eea8699c9655e974c0aa058a6388946dffb9a7d6e18aa,dea875fb0d624ae48e693e5a8fed830eae021b64bfd203dc3c86d875d2ce2996,c8f7199dc2e942880b9f0b422ea5fc472fd9b50e0b5d3c90979004dc625d2f59,/var/lib/green-ecc-date2027-breadth-remediation/runs/A/A-hsiao-hierarchical-seed-17,campaigns/date_2027_breadth_remediation/analysis/A_structural_pair_per_seed.csv
date2027_breadth_structural_10ns,A-hsiao-flat-seed-19,A_hsiao_flat,hsiao-algorithmic-combinational-72-64-rev2-v1,hsiao-secded-72-64-v1,all W1 corrected; all W2 detected,0f685e866f80c7a01bad7102ee4e121b1122587ba142df5aa47c15c69bb9f381,"{""green_ecc_physical_simulation/rtl/hsiao_secded_72_64/hsiao_secded_72_64_v1_encoder.sv"":""638b36ff3ab1ee31bb8e29b8d5ea064b5b36d1d7df7a3f2b96c52e305a31e036"",""green_ecc_physical_simulation/rtl/hsiao_secded_72_64/hsiao_secded_72_64_v1_syndrome.sv"":""5b232248546e1945ab5084b7f4850851bb62c6e54dc9c4fa00950e2a457590be"",""green_ecc_physical_simulation/rtl/hsiao_secded_72_64/hsiao_secded_72_64_v2_algorithmic_decoder.sv"":""3c422dbbddab55e8e2ae141b571e60e63f4ecd87ac409d64b59cc184f21aadcf"",""scripts/revision2/rtl/rev2_hsiao_boundary.sv"":""3fdc3984b222b925ccc9d415a548e88f5e75a82539c67ac187e5c1d0c33f9c73""}",PASS,docs/date2027/revision2/REV2_HSIAO_QUALIFICATION.json;docs/date2027/revision2/REV2_HSIAO_EXACT_IDENTITY.log,sky130hd_tt_025C_1v80_10ns,SKY130HD,tt_025C_1v80,1.8,25,19,10.0,1,1,A0_clean_no_error,100000,0117c68c59ca87e85b4aa699eca26be1d20d83e26213030ee835cc4739542c99,ACTIVITY_POWER_PASS_FULL_PRECISION_TEXT,True,True,PASS_TARGET_MET,HOLD_CLEAN,0,19228.4,2177,349,5.33407,214.31954615692905,49617.0,9734,0.007025962695479,0.008049633353949,7.482571895423e-09,0.01507560350001,150.77111060360002,63acb075dfb4a6c079a7e4dde7c7a90ee5317db156ef0fa48e38fea678dbb15d,c96e4102b3861dc63a8341b2fb9ca64f429d4233a9acb1925eb82d82fef23187,1906b3694e2b02535b02751c084e52530b4c158398ac1e13635b871b4209b68c,b4cfb9842af5a1dd9a18c346b4ae007050e0284412eba8cfbfbf038e1446bfb9,ba1c8cb92e5dfeabd317e78eb58573ef2fa1d06c6c6166d2fc3b3bbe14323fe4,592556bc35ecbded277ee1994b0fc5257411cf97ee4788862320b5a206af7c80,/var/lib/green-ecc-date2027-breadth-remediation/runs/A/A-hsiao-flat-seed-19,campaigns/date_2027_breadth_remediation/analysis/A_structural_pair_per_seed.csv
date2027_breadth_structural_10ns,A-hsiao-hierarchical-seed-19,A_hsiao_hierarchical,hsiao-hierarchical-nibble-decode-combinational-72-64-breadth-v1,hsiao-secded-72-64-v1,all W1 corrected; all W2 detected,7098891ef6389acbee2e675f2d763a641cb845f76fc53a1f20e8ba545968888d,"{""campaigns/date_2027_breadth_remediation/rtl/breadth_hsiao_hierarchical_boundary.sv"":""a0219f34938c54118e96a020b23dab2a03a4eb43a453044754c1c12af237c54b"",""campaigns/date_2027_breadth_remediation/rtl/hsiao_secded_72_64_v3_hierarchical_decoder.sv"":""678b3bf1c51be4b0d1167828140c3a56457f7a7442f9b0592545d07a5cafc253"",""green_ecc_physical_simulation/rtl/hsiao_secded_72_64/hsiao_secded_72_64_v1_encoder.sv"":""638b36ff3ab1ee31bb8e29b8d5ea064b5b36d1d7df7a3f2b96c52e305a31e036"",""green_ecc_physical_simulation/rtl/hsiao_secded_72_64/hsiao_secded_72_64_v1_syndrome.sv"":""5b232248546e1945ab5084b7f4850851bb62c6e54dc9c4fa00950e2a457590be""}",PASS,campaigns/date_2027_breadth_remediation/formal/results/A_formal_qualification.json;campaigns/date_2027_breadth_remediation/formal/results/A_decoder_exact_equivalence.log;campaigns/date_2027_breadth_remediation/formal/results/A_boundary_exact_equivalence.log,sky130hd_tt_025C_1v80_10ns,SKY130HD,tt_025C_1v80,1.8,25,19,10.0,1,1,A0_clean_no_error,100000,0117c68c59ca87e85b4aa699eca26be1d20d83e26213030ee835cc4739542c99,ACTIVITY_POWER_PASS_FULL_PRECISION_TEXT,True,True,PASS_TARGET_MET,HOLD_CLEAN,0,19148.4,2181,349,5.39824,217.30816035603772,53737.0,10222,0.006815666798502,0.008636406622827,7.271471424986e-09,0.01545208133757,154.53626545703756,b933abd2b2c91bf74a09852f324da2106f5c89846d1873d571d71cd70507a026,151a03f7b980d75b04490e8486c8b72de017732d0579fdfde6fac362771e9806,7299aff7358a58428c0a117c2f587e10c6f55ff8527b755cfc070efbb6b7a15e,bf225d3e4485ac51e4c77f45ddc241a59193563ec9b72cf8fadb13bb42f3d049,5219ed0589009e926efbfdd883dba26561a098e8350ee5d492a136842f2bee4b,e1d308084dc861903a0833733786879fcdfee7b1ced58a8eadd8d50ebfba10ec,/var/lib/green-ecc-date2027-breadth-remediation/runs/A/A-hsiao-hierarchical-seed-19,campaigns/date_2027_breadth_remediation/analysis/A_structural_pair_per_seed.csv
date2027_breadth_structural_10ns,A-hsiao-flat-seed-23,A_hsiao_flat,hsiao-algorithmic-combinational-72-64-rev2-v1,hsiao-secded-72-64-v1,all W1 corrected; all W2 detected,0f685e866f80c7a01bad7102ee4e121b1122587ba142df5aa47c15c69bb9f381,"{""green_ecc_physical_simulation/rtl/hsiao_secded_72_64/hsiao_secded_72_64_v1_encoder.sv"":""638b36ff3ab1ee31bb8e29b8d5ea064b5b36d1d7df7a3f2b96c52e305a31e036"",""green_ecc_physical_simulation/rtl/hsiao_secded_72_64/hsiao_secded_72_64_v1_syndrome.sv"":""5b232248546e1945ab5084b7f4850851bb62c6e54dc9c4fa00950e2a457590be"",""green_ecc_physical_simulation/rtl/hsiao_secded_72_64/hsiao_secded_72_64_v2_algorithmic_decoder.sv"":""3c422dbbddab55e8e2ae141b571e60e63f4ecd87ac409d64b59cc184f21aadcf"",""scripts/revision2/rtl/rev2_hsiao_boundary.sv"":""3fdc3984b222b925ccc9d415a548e88f5e75a82539c67ac187e5c1d0c33f9c73""}",PASS,docs/date2027/revision2/REV2_HSIAO_QUALIFICATION.json;docs/date2027/revision2/REV2_HSIAO_EXACT_IDENTITY.log,sky130hd_tt_025C_1v80_10ns,SKY130HD,tt_025C_1v80,1.8,25,23,10.0,1,1,A0_clean_no_error,100000,0117c68c59ca87e85b4aa699eca26be1d20d83e26213030ee835cc4739542c99,ACTIVITY_POWER_PASS_FULL_PRECISION_TEXT,True,True,PASS_TARGET_MET,HOLD_CLEAN,0,19152.1,2175,349,5.3622,215.61947475095948,49791.0,9763,0.006935041863471,0.00797257386148,7.457381379083e-09,0.01490762270987,149.09113472140987,b789c536b13eb68d38e347c7388f487b2c60448c43c2fd523976e3d7306467bb,b714480f260e014124a581c7238a09b067f27fe9ebe8ac0631dbe9770f973f82,1906b3694e2b02535b02751c084e52530b4c158398ac1e13635b871b4209b68c,089c2fb5ede9fe343cf9c6c6d777f2422f6055bc9f957ac0254ee640a4cb4069,5a098203d70c2ff0fcb4e4b0fb21b9cd44c66a63da4f4cfb6c772fba05303f1b,5a0b5be96f08219b69536f981db144795c56ffbb34e6266925d51dbd03d471c2,/var/lib/green-ecc-date2027-breadth-remediation/runs/A/A-hsiao-flat-seed-23,campaigns/date_2027_breadth_remediation/analysis/A_structural_pair_per_seed.csv
date2027_breadth_structural_10ns,A-hsiao-hierarchical-seed-23,A_hsiao_hierarchical,hsiao-hierarchical-nibble-decode-combinational-72-64-breadth-v1,hsiao-secded-72-64-v1,all W1 corrected; all W2 detected,7098891ef6389acbee2e675f2d763a641cb845f76fc53a1f20e8ba545968888d,"{""campaigns/date_2027_breadth_remediation/rtl/breadth_hsiao_hierarchical_boundary.sv"":""a0219f34938c54118e96a020b23dab2a03a4eb43a453044754c1c12af237c54b"",""campaigns/date_2027_breadth_remediation/rtl/hsiao_secded_72_64_v3_hierarchical_decoder.sv"":""678b3bf1c51be4b0d1167828140c3a56457f7a7442f9b0592545d07a5cafc253"",""green_ecc_physical_simulation/rtl/hsiao_secded_72_64/hsiao_secded_72_64_v1_encoder.sv"":""638b36ff3ab1ee31bb8e29b8d5ea064b5b36d1d7df7a3f2b96c52e305a31e036"",""green_ecc_physical_simulation/rtl/hsiao_secded_72_64/hsiao_secded_72_64_v1_syndrome.sv"":""5b232248546e1945ab5084b7f4850851bb62c6e54dc9c4fa00950e2a457590be""}",PASS,campaigns/date_2027_breadth_remediation/formal/results/A_formal_qualification.json;campaigns/date_2027_breadth_remediation/formal/results/A_decoder_exact_equivalence.log;campaigns/date_2027_breadth_remediation/formal/results/A_boundary_exact_equivalence.log,sky130hd_tt_025C_1v80_10ns,SKY130HD,tt_025C_1v80,1.8,25,23,10.0,1,1,A0_clean_no_error,100000,0117c68c59ca87e85b4aa699eca26be1d20d83e26213030ee835cc4739542c99,ACTIVITY_POWER_PASS_FULL_PRECISION_TEXT,True,True,PASS_TARGET_MET,HOLD_CLEAN,0,19043.3,2184,349,5.51741,223.08531451683066,50915.0,10043,0.006733514834195,0.008361045271158,7.214733699357e-09,0.01509456709027,150.96076546979026,2a286472121532a9e0bd5591eb3cf39b06dcf42f516f7182aab99d001709ea6b,4b3b1254e1f0c63706cd9ee082adc33ac2d0c738ad29c15e703df7c4b9cda8b1,7299aff7358a58428c0a117c2f587e10c6f55ff8527b755cfc070efbb6b7a15e,fe4dccb9e289d05aede2cbfecf2cd3dcd06e8fec7feec15f38f054a4f491c5c6,a12a2f1ffff00d5c257c61ec0bba9a4020301583637f282c04afa3a44605a902,1f56faf8d8fda9424e6cfb64e786aeadfd76a89a2bf1af6f9e54a3a5397b6de5,/var/lib/green-ecc-date2027-breadth-remediation/runs/A/A-hsiao-hierarchical-seed-23,campaigns/date_2027_breadth_remediation/analysis/A_structural_pair_per_seed.csv
date2027_breadth_condition_5ns,C-secded-comb-5ns-seed-11,C_secded_comb,secded-rtl-combinational-72-64-v1,extended-hamming-secded-72-64-v1,all W1 corrected; all W2 detected,5e1a591f1a6602b8d985008e8f1d2d087d738b8bf636ebd7bd03915e0a0d49e4,"{""scripts/gate03r/rtl/secded_characterization_tops.sv"":""560bc8092ba759f7dd3412a106d86a30a7498d88285298c721be2d5ef4dc440b"",""scripts/gate04/rtl/gate04_boundaries.sv"":""7de8e8d2933cdf17740ec5ec6f45a3654d5d54d9e419ed1c628ab29ca03308f8""}",PASS,docs/date2027/rigour_gate_03r/SECDED_PROOF_SUMMARY.json;docs/date2027/rigour_gate_03r/H2_ARCHITECTURE_CONTRACT.md,sky130hd_tt_025C_1v80_5ns,SKY130HD,tt_025C_1v80,1.8,25,11,5.0,1,1,A0_clean_no_error,100000,5777054292ef6b97af7f4924fb1f264fcbd030e598c32d7d12829b862e244998,ACTIVITY_POWER_PASS_FULL_PRECISION_TEXT,True,True,PASS_TARGET_MET,HOLD_CLEAN,0,18656.6,2079,349,1.00486,250.3041195051988,44944.0,9177,0.01324578095227,0.01452143862844,7.312585204033e-09,0.02776722609997,138.8500141129,cb62db33438550fcf232668e2eb65b2eb5b129756f90684cdfa998e95852c748,cb6e3948b365a32098b13f949cce10f4276f79553ad5c1fc6b8ca4bd1840ff72,43bda4cb72ce51450f08077361d0a19006b261ac7e39f63a191681902359b074,2eac47c9ba16ca3751d4521b8cfa6f0896bc625a971f94e0303013ae9c64c25a,b465ac445323773de58b5fa6e43b7ec6acda442bf7a01fbdbd84bb8a8218cc78,47a8f6ace93392fd4f859787d3bdda9cd9021fd391898286b12975a7599901d1,/var/lib/green-ecc-date2027-breadth-remediation/runs/C/C-secded-comb-5ns-seed-11,campaigns/date_2027_breadth_remediation/analysis/C_5ns_per_seed.csv
date2027_breadth_condition_5ns,C-secded-pipe-5ns-seed-11,C_secded_pipe,secded-rtl-pipelined-72-64-v1,extended-hamming-secded-72-64-v1,all W1 corrected; all W2 detected,4278fb0b46332d704204b3cd866959d0de48cc9a67f4046df1bb830eeb7f9a16,"{""asic/rtl/secded/secded_pipelined_72_64_v1.sv"":""e250a6741b6aa56e0bdc5892ac5753e4487769a6683f68db6ab9155c26a3b155"",""scripts/gate03r/rtl/secded_characterization_tops.sv"":""560bc8092ba759f7dd3412a106d86a30a7498d88285298c721be2d5ef4dc440b"",""scripts/gate04/rtl/gate04_boundaries.sv"":""7de8e8d2933cdf17740ec5ec6f45a3654d5d54d9e419ed1c628ab29ca03308f8""}",PASS,docs/date2027/rigour_gate_03r/SECDED_PROOF_SUMMARY.json;docs/date2027/rigour_gate_03r/H2_ARCHITECTURE_CONTRACT.md,sky130hd_tt_025C_1v80_5ns,SKY130HD,tt_025C_1v80,1.8,25,11,5.0,3,1,A0_clean_no_error,100000,5777054292ef6b97af7f4924fb1f264fcbd030e598c32d7d12829b862e244998,ACTIVITY_POWER_PASS_FULL_PRECISION_TEXT,True,True,PASS_TARGET_MET,HOLD_CLEAN,0,25469.4,2660,633,2.55863,409.60608183110304,50840.0,10869,0.0142263835296,0.007922448217869,9.750931617702e-09,0.02214884199202,110.755284381096,e5d8099b8f9f3d73f7418fdfefa3c1c501840ec29b98e64fb4a4dc28facf0b4e,24b89b3baafab6b55cb2ecf95d46f2c79acda626a23b3085417581cac44eadeb,881ccf8882f142985946e8e270d02d047526a46361b23f14c46daacb615df58f,0783bbf2acfa51c2b79ff779c933329e8c54aba122373a458b0e68b85ace6464,3e3b4642d1a88469f5105a95d0952a86a213cdcb47445bcec7c2119f6bdc36dd,1f2ea85e3d2f95d1029e09483a62f7f3da5005a3127f32cb80070d03450677da,/var/lib/green-ecc-date2027-breadth-remediation/runs/C/C-secded-pipe-5ns-seed-11,campaigns/date_2027_breadth_remediation/analysis/C_5ns_per_seed.csv
date2027_breadth_condition_5ns,C-secded-comb-5ns-seed-13,C_secded_comb,secded-rtl-combinational-72-64-v1,extended-hamming-secded-72-64-v1,all W1 corrected; all W2 detected,5e1a591f1a6602b8d985008e8f1d2d087d738b8bf636ebd7bd03915e0a0d49e4,"{""scripts/gate03r/rtl/secded_characterization_tops.sv"":""560bc8092ba759f7dd3412a106d86a30a7498d88285298c721be2d5ef4dc440b"",""scripts/gate04/rtl/gate04_boundaries.sv"":""7de8e8d2933cdf17740ec5ec6f45a3654d5d54d9e419ed1c628ab29ca03308f8""}",PASS,docs/date2027/rigour_gate_03r/SECDED_PROOF_SUMMARY.json;docs/date2027/rigour_gate_03r/H2_ARCHITECTURE_CONTRACT.md,sky130hd_tt_025C_1v80_5ns,SKY130HD,tt_025C_1v80,1.8,25,13,5.0,1,1,A0_clean_no_error,100000,5777054292ef6b97af7f4924fb1f264fcbd030e598c32d7d12829b862e244998,ACTIVITY_POWER_PASS_FULL_PRECISION_TEXT,True,True,PASS_TARGET_MET,HOLD_CLEAN,0,18745.5,2082,349,0.734417,234.43454271080878,44282.0,9199,0.01341863814741,0.01403320860118,7.345672070613e-09,0.02745185419917,137.2729969229496,83eae365325e6046091564cfd52854c1fd49b6c850dd095593b1c573a70b4eaf,daa2ade0e5ad096f0590444069ca65355d21839154468afba0d37143b7121700,43bda4cb72ce51450f08077361d0a19006b261ac7e39f63a191681902359b074,b5911d9b1b4fc21564929ba1441b7818377ea117d38f913eec66a5f823e8eb5f,cc5b8879a79d61ad37010299edf852cf97fe2fded49a85c879da0a7d1c527a2f,a8cbacb1bda98fd118079fd186cce767cba7d624a0275ea828789a52667fa4e5,/var/lib/green-ecc-date2027-breadth-remediation/runs/C/C-secded-comb-5ns-seed-13,campaigns/date_2027_breadth_remediation/analysis/C_5ns_per_seed.csv
date2027_breadth_condition_5ns,C-secded-pipe-5ns-seed-13,C_secded_pipe,secded-rtl-pipelined-72-64-v1,extended-hamming-secded-72-64-v1,all W1 corrected; all W2 detected,4278fb0b46332d704204b3cd866959d0de48cc9a67f4046df1bb830eeb7f9a16,"{""asic/rtl/secded/secded_pipelined_72_64_v1.sv"":""e250a6741b6aa56e0bdc5892ac5753e4487769a6683f68db6ab9155c26a3b155"",""scripts/gate03r/rtl/secded_characterization_tops.sv"":""560bc8092ba759f7dd3412a106d86a30a7498d88285298c721be2d5ef4dc440b"",""scripts/gate04/rtl/gate04_boundaries.sv"":""7de8e8d2933cdf17740ec5ec6f45a3654d5d54d9e419ed1c628ab29ca03308f8""}",PASS,docs/date2027/rigour_gate_03r/SECDED_PROOF_SUMMARY.json;docs/date2027/rigour_gate_03r/H2_ARCHITECTURE_CONTRACT.md,sky130hd_tt_025C_1v80_5ns,SKY130HD,tt_025C_1v80,1.8,25,13,5.0,3,1,A0_clean_no_error,100000,5777054292ef6b97af7f4924fb1f264fcbd030e598c32d7d12829b862e244998,ACTIVITY_POWER_PASS_FULL_PRECISION_TEXT,True,True,PASS_TARGET_MET,HOLD_CLEAN,0,25495.7,2656,633,2.57464,412.3099251245176,50170.0,10846,0.01429353933781,0.00781927537173,9.755295238278e-09,0.02211282402277,110.5751765258614,96b65d1b958c2163c280077a3408f4cec4522972c698346d12e7f45ca5e24a29,303cdf00301aa3664077fbb6f33de16edd16dcc3cefecfa5e59404dd4e3502d2,881ccf8882f142985946e8e270d02d047526a46361b23f14c46daacb615df58f,141c315ba7072857633e61a1f8c179b42e0e8f9bc96b4d478d494f1bb957e109,69e7f9ac8868492e0e4298ca7fc6c0896f369403a0dd1f44f38b31d510f92ab1,38bdeb99a1fdfb5f1519e78ff41f743986ac16b62941cc3f2bcd680373fee6a0,/var/lib/green-ecc-date2027-breadth-remediation/runs/C/C-secded-pipe-5ns-seed-13,campaigns/date_2027_breadth_remediation/analysis/C_5ns_per_seed.csv
date2027_breadth_condition_5ns,C-secded-comb-5ns-seed-17,C_secded_comb,secded-rtl-combinational-72-64-v1,extended-hamming-secded-72-64-v1,all W1 corrected; all W2 detected,5e1a591f1a6602b8d985008e8f1d2d087d738b8bf636ebd7bd03915e0a0d49e4,"{""scripts/gate03r/rtl/secded_characterization_tops.sv"":""560bc8092ba759f7dd3412a106d86a30a7498d88285298c721be2d5ef4dc440b"",""scripts/gate04/rtl/gate04_boundaries.sv"":""7de8e8d2933cdf17740ec5ec6f45a3654d5d54d9e419ed1c628ab29ca03308f8""}",PASS,docs/date2027/rigour_gate_03r/SECDED_PROOF_SUMMARY.json;docs/date2027/rigour_gate_03r/H2_ARCHITECTURE_CONTRACT.md,sky130hd_tt_025C_1v80_5ns,SKY130HD,tt_025C_1v80,1.8,25,17,5.0,1,1,A0_clean_no_error,100000,5777054292ef6b97af7f4924fb1f264fcbd030e598c32d7d12829b862e244998,ACTIVITY_POWER_PASS_FULL_PRECISION_TEXT,True,True,PASS_TARGET_MET,HOLD_CLEAN,0,18686.7,2075,349,0.948469,246.82027608822443,44942.0,9204,0.01328808348626,0.01444025710225,7.318158967706e-09,0.02772834897041,138.6556090265352,07d03decddd6fa01d104dcae1ac32c0d68e66278b513306d36c234c63bdbc955,699a68ff61fec965d86c2f6a604601113a508c991dd8928986f9dcbf7f7ada78,43bda4cb72ce51450f08077361d0a19006b261ac7e39f63a191681902359b074,13a525e7437606e470037029567f58be855cd750d31ed7a16ec1fe572c3e44b6,f54b278cc42717b9df774d5f55ea22a9a363096f2b29194a1b6dd8cbf31f11fb,56c8e322f4b6cfecf30282c3e3f400ffacfffec69b0000736776df1f1af34aee,/var/lib/green-ecc-date2027-breadth-remediation/runs/C/C-secded-comb-5ns-seed-17,campaigns/date_2027_breadth_remediation/analysis/C_5ns_per_seed.csv
date2027_breadth_condition_5ns,C-secded-pipe-5ns-seed-17,C_secded_pipe,secded-rtl-pipelined-72-64-v1,extended-hamming-secded-72-64-v1,all W1 corrected; all W2 detected,4278fb0b46332d704204b3cd866959d0de48cc9a67f4046df1bb830eeb7f9a16,"{""asic/rtl/secded/secded_pipelined_72_64_v1.sv"":""e250a6741b6aa56e0bdc5892ac5753e4487769a6683f68db6ab9155c26a3b155"",""scripts/gate03r/rtl/secded_characterization_tops.sv"":""560bc8092ba759f7dd3412a106d86a30a7498d88285298c721be2d5ef4dc440b"",""scripts/gate04/rtl/gate04_boundaries.sv"":""7de8e8d2933cdf17740ec5ec6f45a3654d5d54d9e419ed1c628ab29ca03308f8""}",PASS,docs/date2027/rigour_gate_03r/SECDED_PROOF_SUMMARY.json;docs/date2027/rigour_gate_03r/H2_ARCHITECTURE_CONTRACT.md,sky130hd_tt_025C_1v80_5ns,SKY130HD,tt_025C_1v80,1.8,25,17,5.0,3,1,A0_clean_no_error,100000,5777054292ef6b97af7f4924fb1f264fcbd030e598c32d7d12829b862e244998,ACTIVITY_POWER_PASS_FULL_PRECISION_TEXT,True,True,PASS_TARGET_MET,HOLD_CLEAN,0,25534.5,2659,633,2.52551,404.12367801041836,51095.0,10929,0.01431966666132,0.007871225476265,9.798866607014e-09,0.02219090051949,110.96559804770975,20491f293143b920803e14282fc070afc3e8e513dcb663bc3a220dcba73bb34a,20b982791e8c8d2e246ad34510fbb7c04d46a8863de37e0f81c76542cf32a821,881ccf8882f142985946e8e270d02d047526a46361b23f14c46daacb615df58f,446809c6282e3d087f0bd6723ab4871934040ce102925c62f3c04fb32a5d9cc8,0f16ff746a45b4b2383b1883e7dde7a7ebd3e6c3e7b2a2ad12f9981318148726,45940a20d7225f2032f525a230618f8e684de51f6878801c0f069ecad93bcfb1,/var/lib/green-ecc-date2027-breadth-remediation/runs/C/C-secded-pipe-5ns-seed-17,campaigns/date_2027_breadth_remediation/analysis/C_5ns_per_seed.csv
date2027_breadth_condition_5ns,C-secded-comb-5ns-seed-19,C_secded_comb,secded-rtl-combinational-72-64-v1,extended-hamming-secded-72-64-v1,all W1 corrected; all W2 detected,5e1a591f1a6602b8d985008e8f1d2d087d738b8bf636ebd7bd03915e0a0d49e4,"{""scripts/gate03r/rtl/secded_characterization_tops.sv"":""560bc8092ba759f7dd3412a106d86a30a7498d88285298c721be2d5ef4dc440b"",""scripts/gate04/rtl/gate04_boundaries.sv"":""7de8e8d2933cdf17740ec5ec6f45a3654d5d54d9e419ed1c628ab29ca03308f8""}",PASS,docs/date2027/rigour_gate_03r/SECDED_PROOF_SUMMARY.json;docs/date2027/rigour_gate_03r/H2_ARCHITECTURE_CONTRACT.md,sky130hd_tt_025C_1v80_5ns,SKY130HD,tt_025C_1v80,1.8,25,19,5.0,1,1,A0_clean_no_error,100000,5777054292ef6b97af7f4924fb1f264fcbd030e598c32d7d12829b862e244998,ACTIVITY_POWER_PASS_FULL_PRECISION_TEXT,True,True,PASS_TARGET_MET,HOLD_CLEAN,0,18595.3,2073,349,0.866498,241.92561174519813,45420.0,9157,0.01307507324964,0.01439649984241,7.284639558236e-09,0.0274715796113,137.37163384630566,c9684bbd58279314b574248f8fff451793558e561d196e2556c170a893530792,452975fa00f423ec66b00a714bbbbcbdb8f561f04b84bf8c321c2daf63497d75,43bda4cb72ce51450f08077361d0a19006b261ac7e39f63a191681902359b074,8cf6c2fba2b87b411e432ef53184e83160ed2cdf441473ff2ed188493b6fa25d,90df38efc7302d02db6c5222a5014e6e7a25ad0fad428bbbf74524591203e333,8f4094a8adb11e603d973611845327f8160dbc58d33af904dc43db088077d875,/var/lib/green-ecc-date2027-breadth-remediation/runs/C/C-secded-comb-5ns-seed-19,campaigns/date_2027_breadth_remediation/analysis/C_5ns_per_seed.csv
date2027_breadth_condition_5ns,C-secded-pipe-5ns-seed-19,C_secded_pipe,secded-rtl-pipelined-72-64-v1,extended-hamming-secded-72-64-v1,all W1 corrected; all W2 detected,4278fb0b46332d704204b3cd866959d0de48cc9a67f4046df1bb830eeb7f9a16,"{""asic/rtl/secded/secded_pipelined_72_64_v1.sv"":""e250a6741b6aa56e0bdc5892ac5753e4487769a6683f68db6ab9155c26a3b155"",""scripts/gate03r/rtl/secded_characterization_tops.sv"":""560bc8092ba759f7dd3412a106d86a30a7498d88285298c721be2d5ef4dc440b"",""scripts/gate04/rtl/gate04_boundaries.sv"":""7de8e8d2933cdf17740ec5ec6f45a3654d5d54d9e419ed1c628ab29ca03308f8""}",PASS,docs/date2027/rigour_gate_03r/SECDED_PROOF_SUMMARY.json;docs/date2027/rigour_gate_03r/H2_ARCHITECTURE_CONTRACT.md,sky130hd_tt_025C_1v80_5ns,SKY130HD,tt_025C_1v80,1.8,25,19,5.0,3,1,A0_clean_no_error,100000,5777054292ef6b97af7f4924fb1f264fcbd030e598c32d7d12829b862e244998,ACTIVITY_POWER_PASS_FULL_PRECISION_TEXT,True,True,PASS_TARGET_MET,HOLD_CLEAN,0,25574.5,2657,633,2.54737,407.7255843726938,50207.0,10853,0.01444277074188,0.00780843058601,9.811653711722e-09,0.02225121110678,111.26718113945338,df44f7b7f3951a906055366a1113728e4884d9050191417e0a98ef4afe92bcf5,904bb1b0eb96bbe980d2278a4cbbdb14b0b1b07000b0da14d507d45755305230,881ccf8882f142985946e8e270d02d047526a46361b23f14c46daacb615df58f,2375b295ed98695c9f5fedef5c7f5b5dd3610e078580f02d330c1e4e3811534c,3c1995420a5544dbe2329b7cb559e0a22c9031ff6df3e222f660bef6feacaf1b,c4ff400da3c3e560965e0f7ed1add3d3cacedea9a2ade7a1f01db78f9869c995,/var/lib/green-ecc-date2027-breadth-remediation/runs/C/C-secded-pipe-5ns-seed-19,campaigns/date_2027_breadth_remediation/analysis/C_5ns_per_seed.csv
date2027_breadth_condition_5ns,C-secded-comb-5ns-seed-23,C_secded_comb,secded-rtl-combinational-72-64-v1,extended-hamming-secded-72-64-v1,all W1 corrected; all W2 detected,5e1a591f1a6602b8d985008e8f1d2d087d738b8bf636ebd7bd03915e0a0d49e4,"{""scripts/gate03r/rtl/secded_characterization_tops.sv"":""560bc8092ba759f7dd3412a106d86a30a7498d88285298c721be2d5ef4dc440b"",""scripts/gate04/rtl/gate04_boundaries.sv"":""7de8e8d2933cdf17740ec5ec6f45a3654d5d54d9e419ed1c628ab29ca03308f8""}",PASS,docs/date2027/rigour_gate_03r/SECDED_PROOF_SUMMARY.json;docs/date2027/rigour_gate_03r/H2_ARCHITECTURE_CONTRACT.md,sky130hd_tt_025C_1v80_5ns,SKY130HD,tt_025C_1v80,1.8,25,23,5.0,1,1,A0_clean_no_error,100000,5777054292ef6b97af7f4924fb1f264fcbd030e598c32d7d12829b862e244998,ACTIVITY_POWER_PASS_FULL_PRECISION_TEXT,True,True,PASS_TARGET_MET,HOLD_CLEAN,0,18702.9,2079,349,0.918542,245.0104839986103,44728.0,9118,0.01314833201468,0.01419450715184,7.325549944426e-09,0.0273428466171,136.72790450880856,ffe2886fceec94e5dd841025f9ad2a234464b94ede6b2c9623429b0f995b961f,ffc6cbabcb2775c90f30d5ed01f50c5e54a5af9ce1052e61d406f22ba9574941,43bda4cb72ce51450f08077361d0a19006b261ac7e39f63a191681902359b074,84c72842b69c38794af54ce4d0eb951dda2cc755113f55fc711b6a671a347b38,c4f34a6bfbafde33fb023c5e4b02e0471e49f780ff6a51ff6cecfa019ee1253f,2b62c9fcbf4538dad8312fea1b4a96bb1b2452ec6b17e89f762f63e326c31c72,/var/lib/green-ecc-date2027-breadth-remediation/runs/C/C-secded-comb-5ns-seed-23,campaigns/date_2027_breadth_remediation/analysis/C_5ns_per_seed.csv
date2027_breadth_condition_5ns,C-secded-pipe-5ns-seed-23,C_secded_pipe,secded-rtl-pipelined-72-64-v1,extended-hamming-secded-72-64-v1,all W1 corrected; all W2 detected,4278fb0b46332d704204b3cd866959d0de48cc9a67f4046df1bb830eeb7f9a16,"{""asic/rtl/secded/secded_pipelined_72_64_v1.sv"":""e250a6741b6aa56e0bdc5892ac5753e4487769a6683f68db6ab9155c26a3b155"",""scripts/gate03r/rtl/secded_characterization_tops.sv"":""560bc8092ba759f7dd3412a106d86a30a7498d88285298c721be2d5ef4dc440b"",""scripts/gate04/rtl/gate04_boundaries.sv"":""7de8e8d2933cdf17740ec5ec6f45a3654d5d54d9e419ed1c628ab29ca03308f8""}",PASS,docs/date2027/rigour_gate_03r/SECDED_PROOF_SUMMARY.json;docs/date2027/rigour_gate_03r/H2_ARCHITECTURE_CONTRACT.md,sky130hd_tt_025C_1v80_5ns,SKY130HD,tt_025C_1v80,1.8,25,23,5.0,3,1,A0_clean_no_error,100000,5777054292ef6b97af7f4924fb1f264fcbd030e598c32d7d12829b862e244998,ACTIVITY_POWER_PASS_FULL_PRECISION_TEXT,True,True,PASS_TARGET_MET,HOLD_CLEAN,0,25604.6,2659,633,2.61827,419.86287278574815,50609.0,10896,0.01444791164249,0.007965746335685,9.814517198947e-09,0.0224136672914,112.0795432906457,1c5c465eddcad919d38e28f5f02759f34f16400246ad53db219010605be0efd3,20d2d40c0bdbbae0d2c902c220f93f61c5134acb1569b8ceea1aa1c858f72b98,881ccf8882f142985946e8e270d02d047526a46361b23f14c46daacb615df58f,02a5bb443438d8059014b3e3e366b9972217912fd88093b7d76392c23c5a4d39,14aeb1c865548452dd95497562b4d4b404daccff3d2546f9fba0b66805ade461,746139bbc4e4ec20a957facbd82017a75d265d8bd9f89ee9af1a9c6fe8b53694,/var/lib/green-ecc-date2027-breadth-remediation/runs/C/C-secded-pipe-5ns-seed-23,campaigns/date_2027_breadth_remediation/analysis/C_5ns_per_seed.csv
