path,source_path,size_bytes,raw_sha256,canonical_sha256
raw_logs/attempts/gcd-native-lec-avx512-failure-01/container.log,$GATE03E_EVIDENCE/attempts/gcd-native-lec-avx512-failure-01/container.log,136906,49be286b0da61f3728d8aaf29869ae15ffba0752f6db094c11227d69f00aa656,NOT_APPLICABLE
raw_logs/attempts/gcd-native-lec-avx512-failure-01/logs/sky130hd/gcd/base/1_1_yosys_canonicalize.log,$GATE03E_EVIDENCE/attempts/gcd-native-lec-avx512-failure-01/logs/sky130hd/gcd/base/1_1_yosys_canonicalize.log,3433,358b8aed0098ea9cb3aa30b52be6975d860deb112c087e2097ecfe86c8ae0351,NOT_APPLICABLE
raw_logs/attempts/gcd-native-lec-avx512-failure-01/logs/sky130hd/gcd/base/1_2_yosys.log,$GATE03E_EVIDENCE/attempts/gcd-native-lec-avx512-failure-01/logs/sky130hd/gcd/base/1_2_yosys.log,18952,9bb6b65197c990512ac3e531cbd7bcc1acf20195a881dd4fac5384ddfdec0304,NOT_APPLICABLE
raw_logs/attempts/gcd-native-lec-avx512-failure-01/logs/sky130hd/gcd/base/1_synth.log,$GATE03E_EVIDENCE/attempts/gcd-native-lec-avx512-failure-01/logs/sky130hd/gcd/base/1_synth.log,1534,e5facb93d40dec57d420a6f9e4c51f14b3304b5e36fddba61532bd5eb6b2d4b1,NOT_APPLICABLE
raw_logs/attempts/gcd-native-lec-avx512-failure-01/logs/sky130hd/gcd/base/2_1_floorplan.log,$GATE03E_EVIDENCE/attempts/gcd-native-lec-avx512-failure-01/logs/sky130hd/gcd/base/2_1_floorplan.log,21698,d523eeac5258a269b17026927fa793abb68457767c8b227310afb16d6af1ec58,NOT_APPLICABLE
raw_logs/attempts/gcd-native-lec-avx512-failure-01/logs/sky130hd/gcd/base/2_2_floorplan_macro.log,$GATE03E_EVIDENCE/attempts/gcd-native-lec-avx512-failure-01/logs/sky130hd/gcd/base/2_2_floorplan_macro.log,1160,9b71d14e7c01c036737caf9875be07ba64352aae75629fbc026927ae6dd33d55,NOT_APPLICABLE
raw_logs/attempts/gcd-native-lec-avx512-failure-01/logs/sky130hd/gcd/base/2_3_floorplan_tapcell.log,$GATE03E_EVIDENCE/attempts/gcd-native-lec-avx512-failure-01/logs/sky130hd/gcd/base/2_3_floorplan_tapcell.log,1165,11217be037fab778f5437ba82534083d30bda978411c5e86c6ef46fe75fe6259,NOT_APPLICABLE
raw_logs/attempts/gcd-native-lec-avx512-failure-01/logs/sky130hd/gcd/base/2_4_floorplan_pdn.log,$GATE03E_EVIDENCE/attempts/gcd-native-lec-avx512-failure-01/logs/sky130hd/gcd/base/2_4_floorplan_pdn.log,1328,c0bbafcd57b0ab4c287913e3a6d7dc4cbdbe66623c46e4102f193a76df8774ae,NOT_APPLICABLE
raw_logs/attempts/gcd-native-lec-avx512-failure-01/logs/sky130hd/gcd/base/3_1_place_gp_skip_io.log,$GATE03E_EVIDENCE/attempts/gcd-native-lec-avx512-failure-01/logs/sky130hd/gcd/base/3_1_place_gp_skip_io.log,6583,58c80bbc1f2336e9bc339e1ae1db74e9c41c369a8f7263c2b56af79ec866e36f,NOT_APPLICABLE
raw_logs/attempts/gcd-native-lec-avx512-failure-01/logs/sky130hd/gcd/base/3_2_place_iop.log,$GATE03E_EVIDENCE/attempts/gcd-native-lec-avx512-failure-01/logs/sky130hd/gcd/base/3_2_place_iop.log,1562,1c1b3ae9be4c2b099bdf8a2c70acada89a9c085f36633870e2b147380fe09b81,NOT_APPLICABLE
raw_logs/attempts/gcd-native-lec-avx512-failure-01/logs/sky130hd/gcd/base/3_3_place_gp.log,$GATE03E_EVIDENCE/attempts/gcd-native-lec-avx512-failure-01/logs/sky130hd/gcd/base/3_3_place_gp.log,26329,316efb0affb67c033e20b08555efa3087c8858db08ab809336671eb485d3808f,NOT_APPLICABLE
raw_logs/attempts/gcd-native-lec-avx512-failure-01/logs/sky130hd/gcd/base/3_4_place_resized.log,$GATE03E_EVIDENCE/attempts/gcd-native-lec-avx512-failure-01/logs/sky130hd/gcd/base/3_4_place_resized.log,6993,56369dfc7a243701341d6b2b3422cb87a72f76c2a2c9e594fe28d2b4f8ee20ea,NOT_APPLICABLE
raw_logs/attempts/gcd-native-lec-avx512-failure-01/logs/sky130hd/gcd/base/3_5_place_dp.log,$GATE03E_EVIDENCE/attempts/gcd-native-lec-avx512-failure-01/logs/sky130hd/gcd/base/3_5_place_dp.log,6730,836742517038bc6f42daccb825c7a79e2164457c5585590250f3bf0d6d54ba54,NOT_APPLICABLE
raw_logs/attempts/gcd-native-lec-avx512-failure-01/logs/sky130hd/gcd/base/4_1_cts.log,$GATE03E_EVIDENCE/attempts/gcd-native-lec-avx512-failure-01/logs/sky130hd/gcd/base/4_1_cts.log,40085,e1348bb6831dc7a941625eb7c38c4704e7f02a41fb73279c8c08a4c13ff2276b,NOT_APPLICABLE
raw_logs/image/kepler-direct-smoke.log,$GATE03E_EVIDENCE/image/kepler-direct-smoke.log,0,e3b0c44298fc1c149afbf4c8996fb92427ae41e4649b934ca495991b7852b855,NOT_APPLICABLE
raw_logs/image/kepler-illegal-instruction-analysis.log,$GATE03E_EVIDENCE/image/kepler-illegal-instruction-analysis.log,15752,f0473a846d25af9697352b9873b6a9669bbf4a3652e3adf7d269b8f2e2f42889,NOT_APPLICABLE
raw_logs/image/pinned-container-health.log,$GATE03E_EVIDENCE/image/pinned-container-health.log,1475,3480715b69e7a376ca3e9a21a9bb579184232a5159dee3cb91662edbca8a109b,NOT_APPLICABLE
raw_logs/mapping-attempts/production-secded-package-elaboration-failure/secded-combinational/container.log,$GATE03E_EVIDENCE/mapping-attempts/production-secded-package-elaboration-failure/secded-combinational/container.log,1301,de0bc5ace20527cc1c23c22aadfb19660e0539d6380fd73a56e2c91b6f89b7e7,NOT_APPLICABLE
raw_logs/mapping-attempts/production-secded-package-elaboration-failure/secded-combinational/logs/sky130hd/gate03e_secded_combinational_boundary/base/1_1_yosys_canonicalize.log,$GATE03E_EVIDENCE/mapping-attempts/production-secded-package-elaboration-failure/secded-combinational/logs/sky130hd/gate03e_secded_combinational_boundary/base/1_1_yosys_canonicalize.log,754,d650e9729a437214452aee63e0e1ab89e12eebd66e59ca953b3ac8352594603f,NOT_APPLICABLE
raw_logs/mapping/bch-decoder/container.log,$GATE03E_EVIDENCE/mapping/bch-decoder/container.log,39556,8b6db89f3487a52ccf7b2bb4262e37d9804a6a8f3b078d9be0d2b79b39486bf2,NOT_APPLICABLE
raw_logs/mapping/bch-decoder/logs/sky130hd/bch_78_64_t2_v1_decoder/base/1_1_yosys_canonicalize.log,$GATE03E_EVIDENCE/mapping/bch-decoder/logs/sky130hd/bch_78_64_t2_v1_decoder/base/1_1_yosys_canonicalize.log,1643,52ef755d2efcdd8508a50bf2a0995ec32b5a9cf582b218cd0510b5c26038386f,NOT_APPLICABLE
raw_logs/mapping/bch-decoder/logs/sky130hd/bch_78_64_t2_v1_decoder/base/1_2_yosys.log,$GATE03E_EVIDENCE/mapping/bch-decoder/logs/sky130hd/bch_78_64_t2_v1_decoder/base/1_2_yosys.log,35628,4360f172d648abfb14c29cb77353a4ec5d60d8a08f59b4a0d996d920a338746f,NOT_APPLICABLE
raw_logs/mapping/bch-decoder/logs/sky130hd/bch_78_64_t2_v1_decoder/base/1_synth.log,$GATE03E_EVIDENCE/mapping/bch-decoder/logs/sky130hd/bch_78_64_t2_v1_decoder/base/1_synth.log,1460,8f1a24e3f1b0a98993dcf354329c0deb89364b805c6ddfa1adb6c24b0d9e85db,NOT_APPLICABLE
raw_logs/mapping/bch-encoder/container.log,$GATE03E_EVIDENCE/mapping/bch-encoder/container.log,17026,a87b89f5f3def69b4dabdc0626215c1f90778536a177ebf4bc9a48b68819a205,NOT_APPLICABLE
raw_logs/mapping/bch-encoder/logs/sky130hd/bch_78_64_t2_v1_encoder/base/1_1_yosys_canonicalize.log,$GATE03E_EVIDENCE/mapping/bch-encoder/logs/sky130hd/bch_78_64_t2_v1_encoder/base/1_1_yosys_canonicalize.log,1641,dd66be09c023d5ebe8f37041b2a176b2d13a693f70b83c9ebb21f476068a9a70,NOT_APPLICABLE
raw_logs/mapping/bch-encoder/logs/sky130hd/bch_78_64_t2_v1_encoder/base/1_2_yosys.log,$GATE03E_EVIDENCE/mapping/bch-encoder/logs/sky130hd/bch_78_64_t2_v1_encoder/base/1_2_yosys.log,13102,44fc22385489c3ebb265a9d7334e788ad18846cd834cf79009136d5614c6f09f,NOT_APPLICABLE
raw_logs/mapping/bch-encoder/logs/sky130hd/bch_78_64_t2_v1_encoder/base/1_synth.log,$GATE03E_EVIDENCE/mapping/bch-encoder/logs/sky130hd/bch_78_64_t2_v1_encoder/base/1_synth.log,1458,bf75283754468982fe16d5dfc02256f75e9448c77bccb879d5a2cfe8b0d88bae,NOT_APPLICABLE
raw_logs/mapping/secded-combinational/container.log,$GATE03E_EVIDENCE/mapping/secded-combinational/container.log,18167,83c630953a761fb7d5d13c913c9bcb7be16dc93eb09e6e49f69e906162c158f1,NOT_APPLICABLE
raw_logs/mapping/secded-combinational/logs/sky130hd/gate03e_secded_combinational_boundary/base/1_1_yosys_canonicalize.log,$GATE03E_EVIDENCE/mapping/secded-combinational/logs/sky130hd/gate03e_secded_combinational_boundary/base/1_1_yosys_canonicalize.log,2174,079b446c7754371cb2a1211a648eb41c3b45104e28e3baa7ec2e4545e114ca2e,NOT_APPLICABLE
raw_logs/mapping/secded-combinational/logs/sky130hd/gate03e_secded_combinational_boundary/base/1_2_yosys.log,$GATE03E_EVIDENCE/mapping/secded-combinational/logs/sky130hd/gate03e_secded_combinational_boundary/base/1_2_yosys.log,13556,1650a4d78375913573b007ed1d0239c2cb8cc8fd1972ebd9eecaa772e2108a8b,NOT_APPLICABLE
raw_logs/mapping/secded-combinational/logs/sky130hd/gate03e_secded_combinational_boundary/base/1_synth.log,$GATE03E_EVIDENCE/mapping/secded-combinational/logs/sky130hd/gate03e_secded_combinational_boundary/base/1_synth.log,1514,447a953d33c6c011e7aaa4c7f8fd623236bf93478851b35d60a0e219dc8f2b57,NOT_APPLICABLE
raw_logs/mapping/secded-pipelined/container.log,$GATE03E_EVIDENCE/mapping/secded-pipelined/container.log,18945,dac1ad64a76329d5e8be7f032d23df8a4ad062a4ac17c34e3db66dd442880e63,NOT_APPLICABLE
raw_logs/mapping/secded-pipelined/logs/sky130hd/gate03e_secded_pipelined_boundary/base/1_1_yosys_canonicalize.log,$GATE03E_EVIDENCE/mapping/secded-pipelined/logs/sky130hd/gate03e_secded_pipelined_boundary/base/1_1_yosys_canonicalize.log,2558,7a1ba6fd71ec1a0d6c93639b6cbaafe1ba180d5c74e3fe3a363cb9fd33195c6c,NOT_APPLICABLE
raw_logs/mapping/secded-pipelined/logs/sky130hd/gate03e_secded_pipelined_boundary/base/1_2_yosys.log,$GATE03E_EVIDENCE/mapping/secded-pipelined/logs/sky130hd/gate03e_secded_pipelined_boundary/base/1_2_yosys.log,14001,0dda53e94379a6af4ab59c901645c99bc38680d390dcbde2b7792a7bf5a4aea3,NOT_APPLICABLE
raw_logs/mapping/secded-pipelined/logs/sky130hd/gate03e_secded_pipelined_boundary/base/1_synth.log,$GATE03E_EVIDENCE/mapping/secded-pipelined/logs/sky130hd/gate03e_secded_pipelined_boundary/base/1_synth.log,1499,61df8c96ad02acdf93eccda64beffcf65d6c1bbdf6dcc061c55dcaae40b64ceb,NOT_APPLICABLE
raw_logs/provision/docker-apt-update.log,$GATE03E_EVIDENCE/provision/docker-apt-update.log,464,8037ac160b85090fa0c61cf5f24e316ff45c51eb342fbe8fd738404a9ac75927,NOT_APPLICABLE
raw_logs/provision/docker-info.log,$GATE03E_EVIDENCE/provision/docker-info.log,1289,eef360e1e41beed705a1ee4801a82271d5bc98a1267599ff987705c52d2f140f,NOT_APPLICABLE
raw_logs/provision/docker-package-install.log,$GATE03E_EVIDENCE/provision/docker-package-install.log,6336,ec176ea5b4d1f55a4a6c8785bd83651fc27d2e5dcb13de8d635764f48535f73f,NOT_APPLICABLE
raw_logs/provision/docker-package-transaction.simulate.log,$GATE03E_EVIDENCE/provision/docker-package-transaction.simulate.log,2132,b749ce7e1aafb49708026467d36603b091cead462e30ed2d403106c8549ce184,NOT_APPLICABLE
raw_logs/provision/docker-services-active.log,$GATE03E_EVIDENCE/provision/docker-services-active.log,14,54233fea09439225592caba48eaef86204f35acbd98a0a8b8672f03f9ddc8cce,NOT_APPLICABLE
raw_logs/provision/docker-version.log,$GATE03E_EVIDENCE/provision/docker-version.log,769,bc6a607ecdce377775811779ab27a7c64f138928b8ce804f3a4d36413a120af7,NOT_APPLICABLE
raw_logs/provision/ubuntu-apt-update.log,$GATE03E_EVIDENCE/provision/ubuntu-apt-update.log,273,e1af672e4a4b9cae7fe52478bf468e913bb4e0163700f7c39442ffb9f0c5b4ed,NOT_APPLICABLE
raw_logs/provision/ubuntu-package-install.log,$GATE03E_EVIDENCE/provision/ubuntu-package-install.log,2882,4d35c7c036dca6113461cef0daa38b679c04ae5eaa43950931eecd5230122bab,NOT_APPLICABLE
raw_logs/provision/ubuntu-package-transaction.simulate.log,$GATE03E_EVIDENCE/provision/ubuntu-package-transaction.simulate.log,1306,96ae3f75fc3efa1accfaffcf4592c6af8ab23e9c5ffdd7dd0ec571253e2d40bc,NOT_APPLICABLE
raw_logs/reconciliation/gcd-make-preflight.invalid-option.log,$GATE03E_EVIDENCE/reconciliation/gcd-make-preflight.invalid-option.log,4686,cdc6ce79d1883d0d37b3d6bd291f69c7a466e55556a5103aa49e34ff61be3ff2,NOT_APPLICABLE
raw_logs/registry/docker-digest-pull-debug.log,$GATE03E_EVIDENCE/registry/docker-digest-pull-debug.log,1944,328261a9c294387d9ee09c3db5eb9edc8febfbe005afd425dd8f59e563ffeff8,NOT_APPLICABLE
raw_logs/registry/docker-digest-pull.log,$GATE03E_EVIDENCE/registry/docker-digest-pull.log,762,e1a576a633c5463d0b8bce0d8eff4309fae954fd69b5f11b7718a3b3798dec27,NOT_APPLICABLE
raw_logs/repository-validation-attempt-01/gate03e-artifact-scope-validator.log,$REPOSITORY/docs/date2027/rigour_gate_03e/raw_logs/repository-validation-attempt-01/gate03e-artifact-scope-validator.log,4825,cdbc6d730d23db87ced22065d0df5cd466de4066914eb8128475953b4f8f23f6,NOT_APPLICABLE
raw_logs/repository-validation-attempt-01/gate03e-focused-tests.log,$REPOSITORY/docs/date2027/rigour_gate_03e/raw_logs/repository-validation-attempt-01/gate03e-focused-tests.log,423,06de305242f8a99627210f0d98d373b22e7e3468f5828cdb150d667cdb722770,NOT_APPLICABLE
raw_logs/repository-validation-attempt-01/gate03r-validator.log,$REPOSITORY/docs/date2027/rigour_gate_03e/raw_logs/repository-validation-attempt-01/gate03r-validator.log,263,4ebbf0a85b8cb0e0a8798b7a27885a2a2631d05cfedaba1187ea3d0a172148b3,NOT_APPLICABLE
raw_logs/repository-validation-attempt-01/git-diff-check.log,$REPOSITORY/docs/date2027/rigour_gate_03e/raw_logs/repository-validation-attempt-01/git-diff-check.log,158,f8cca5c3fe30671f0b16411f6ac181073fe39d1e669f68aaf3003d3363d7344a,NOT_APPLICABLE
raw_logs/repository-validation-attempt-01/make-test.log,$REPOSITORY/docs/date2027/rigour_gate_03e/raw_logs/repository-validation-attempt-01/make-test.log,6023,2164eed2c250e4102de89e145bb5faed65ae0ae6ebf655b7f6756ed95b91b575,NOT_APPLICABLE
raw_logs/repository-validation-attempt-01/make.log,$REPOSITORY/docs/date2027/rigour_gate_03e/raw_logs/repository-validation-attempt-01/make.log,534,43d99a8c8eb7b42bb9c852c73031ea8530696c64a3458a744066332a771fbd4b,NOT_APPLICABLE
raw_logs/repository-validation-attempt-01/python3-pytest-q.log,$REPOSITORY/docs/date2027/rigour_gate_03e/raw_logs/repository-validation-attempt-01/python3-pytest-q.log,4588,426971ee4a42f2c1afc37d3947e3e74d8c62ba17f7cea07a679ae7ff6c509ec4,NOT_APPLICABLE
raw_logs/repository-validation-attempt-01/summary.log,$REPOSITORY/docs/date2027/rigour_gate_03e/raw_logs/repository-validation-attempt-01/summary.log,3073,68fcb6199b64a69748a5788c9b8b29e2f1fb63e7e81c79d52d3f7965f1be5dc2,NOT_APPLICABLE
raw_logs/repository-validation/gate03e-artifact-scope-validator.log,$REPOSITORY/docs/date2027/rigour_gate_03e/raw_logs/repository-validation/gate03e-artifact-scope-validator.log,282,15a1c7d0fce328615d1d7b96785f6cc72e96d62f2ea07d6b768578fded222a3a,NOT_APPLICABLE
raw_logs/repository-validation/gate03e-focused-tests.log,$REPOSITORY/docs/date2027/rigour_gate_03e/raw_logs/repository-validation/gate03e-focused-tests.log,423,0f56dec9f523eaa7fc439952a50d3dc23585fe4f7ef89ae0df6c2e8a3fa92109,NOT_APPLICABLE
raw_logs/repository-validation/gate03r-validator.log,$REPOSITORY/docs/date2027/rigour_gate_03e/raw_logs/repository-validation/gate03r-validator.log,263,660480204f0713f018f3ec8aa5c36f798bb1beff2eb21f2b807d1a63a7a5baff,NOT_APPLICABLE
raw_logs/repository-validation/git-diff-check.log,$REPOSITORY/docs/date2027/rigour_gate_03e/raw_logs/repository-validation/git-diff-check.log,288,ba003bd574a654dfa7c3115d7939b25647b7eae85cba3f2d7df71466718fe814,NOT_APPLICABLE
raw_logs/repository-validation/make-test.log,$REPOSITORY/docs/date2027/rigour_gate_03e/raw_logs/repository-validation/make-test.log,2115,9a0bd65c8ee18a7e01a87bc5b6b31d37f25d08c77dae5b05142faceaff8bd7a2,NOT_APPLICABLE
raw_logs/repository-validation/make.log,$REPOSITORY/docs/date2027/rigour_gate_03e/raw_logs/repository-validation/make.log,534,c4cef833c1f5306f84bb96f08c4071a35f525a1c28880d5afb6b7d8771bae7dc,NOT_APPLICABLE
raw_logs/repository-validation/python3-pytest-q.log,$REPOSITORY/docs/date2027/rigour_gate_03e/raw_logs/repository-validation/python3-pytest-q.log,701,b33a713a238cc5ec5e8443388df3b707ff40cf0de09f348dba94938783824efa,NOT_APPLICABLE
raw_logs/repository-validation/summary.log,$REPOSITORY/docs/date2027/rigour_gate_03e/raw_logs/repository-validation/summary.log,3073,eafb710260a1a99e824e942582711d889b22c991fc8dfeb66876f1dccb432bf1,NOT_APPLICABLE
raw_logs/runs/gcd-run-01/container.log,$GATE03E_EVIDENCE/runs/gcd-run-01/container.log,206002,a359765e4e2b9bb3d7dc98c10554fddc3ac870de8223af32775c9baadc3da1c1,23671c10fe0436418d934d5354131b70482ed1c18aba9222d293bffcd0bf5d8a
raw_logs/runs/gcd-run-01/logs/sky130hd/gcd/base/1_1_yosys_canonicalize.log,$GATE03E_EVIDENCE/runs/gcd-run-01/logs/sky130hd/gcd/base/1_1_yosys_canonicalize.log,3433,7e1f8fb3aefa9c8131b75a105a2b25ba58a620fba2a4461df8806e177113df56,59f34ea63131b91919efb8390adda65aed2c73dbdeb0e7f927dbbeb49c099a53
raw_logs/runs/gcd-run-01/logs/sky130hd/gcd/base/1_2_yosys.log,$GATE03E_EVIDENCE/runs/gcd-run-01/logs/sky130hd/gcd/base/1_2_yosys.log,18952,b4ef2c6e601e1a304ad0a27e8f164c80393a454882de06c419447530e6decc26,619a0d9c014fd1146413af033b15ac1703023b5ff5081db98b6b1660ca023647
raw_logs/runs/gcd-run-01/logs/sky130hd/gcd/base/1_synth.log,$GATE03E_EVIDENCE/runs/gcd-run-01/logs/sky130hd/gcd/base/1_synth.log,1533,b8c3930e414674710da65830ca855d80059ac454d4bce0b987d83c64ec836b6f,611748eaaa4b4a306dae314c652a3d98ffc6ae1889b9f7f3615d101a716b4efc
raw_logs/runs/gcd-run-01/logs/sky130hd/gcd/base/2_1_floorplan.log,$GATE03E_EVIDENCE/runs/gcd-run-01/logs/sky130hd/gcd/base/2_1_floorplan.log,21698,43ae075e55f918971c6675794fd20b625f94f20a301677f7b2f8517eb184d324,f8a43528c1694250056bee3d94b30e8b7beb450e10332045f9e91b4f422eb0da
raw_logs/runs/gcd-run-01/logs/sky130hd/gcd/base/2_2_floorplan_macro.log,$GATE03E_EVIDENCE/runs/gcd-run-01/logs/sky130hd/gcd/base/2_2_floorplan_macro.log,1161,e6e3036af0304f49553799fc966baad34ccd322dc7a5bf95f185641cbc25648a,93fd4b30be8ec9bf31b105ae8253f48905a2ef770ea207400f710819b28a2433
raw_logs/runs/gcd-run-01/logs/sky130hd/gcd/base/2_3_floorplan_tapcell.log,$GATE03E_EVIDENCE/runs/gcd-run-01/logs/sky130hd/gcd/base/2_3_floorplan_tapcell.log,1164,6dae476c92267f27a58a0c9ee76b3d12222b2adc922f607c5dfc0a3073aa4408,684eeb4423de345fd017788376018aa85eb2da50f69baa5f35392e84cabbcf88
raw_logs/runs/gcd-run-01/logs/sky130hd/gcd/base/2_4_floorplan_pdn.log,$GATE03E_EVIDENCE/runs/gcd-run-01/logs/sky130hd/gcd/base/2_4_floorplan_pdn.log,1328,c77af2675fd5f810b035b06eae89af7cb46ce4d5c11e1a499fb050ab24d13a39,18c1284ca6aaa013505bb70995ab99c4878de759ced99bbe17daa650a15335c9
raw_logs/runs/gcd-run-01/logs/sky130hd/gcd/base/3_1_place_gp_skip_io.log,$GATE03E_EVIDENCE/runs/gcd-run-01/logs/sky130hd/gcd/base/3_1_place_gp_skip_io.log,6583,718a2a48a160020f650f11a9649dc4748010dbdbfba4b29a0754501253379e55,3184b8675cdde5302f909e72cc2797af936bb603197a5d0d572a399ea5a2a774
raw_logs/runs/gcd-run-01/logs/sky130hd/gcd/base/3_2_place_iop.log,$GATE03E_EVIDENCE/runs/gcd-run-01/logs/sky130hd/gcd/base/3_2_place_iop.log,1562,591141cd876f615b6b580e52209a5ece53d2b7e7c18657322ac33cc82a99a035,5015b7c61a8a63cd9f311b9a5ce3a67bae40f36b2510a34162c535ef6f56d036
raw_logs/runs/gcd-run-01/logs/sky130hd/gcd/base/3_3_place_gp.log,$GATE03E_EVIDENCE/runs/gcd-run-01/logs/sky130hd/gcd/base/3_3_place_gp.log,26330,4b7f781d93b3cf7183f668fb4bf11683eb0346d483d01ac46927334dc11c53e0,6b7087722bda7f76778dc3e815711de6ddc410afa188bb35fd8a17042838e934
raw_logs/runs/gcd-run-01/logs/sky130hd/gcd/base/3_4_place_resized.log,$GATE03E_EVIDENCE/runs/gcd-run-01/logs/sky130hd/gcd/base/3_4_place_resized.log,6993,db1f80ef50c0c21f32b901a28893aeb0e4cf9a3823a92e58658261f681cb034b,42785251fd6daff154294849e945269ab4860af7bb1a7521c3ead0d1be51bf25
raw_logs/runs/gcd-run-01/logs/sky130hd/gcd/base/3_5_place_dp.log,$GATE03E_EVIDENCE/runs/gcd-run-01/logs/sky130hd/gcd/base/3_5_place_dp.log,6730,34b47c90d54db3cd8bb645a28847b54ab34e1f3c9109b6dfb3e88e25059ac2c5,d7af73ef11f99850eb184842c904950853746d47b2b51e1161f507325b666a78
raw_logs/runs/gcd-run-01/logs/sky130hd/gcd/base/4_1_cts.log,$GATE03E_EVIDENCE/runs/gcd-run-01/logs/sky130hd/gcd/base/4_1_cts.log,42153,a0252648b36c9fb86e56de882b244c02a2431946232a28ad6ce2a6f097e4038f,de86bc4c99d025cd65d2fed8786a666fbf73aab02fa6b649532ddf2ab21975ab
raw_logs/runs/gcd-run-01/logs/sky130hd/gcd/base/5_1_grt.log,$GATE03E_EVIDENCE/runs/gcd-run-01/logs/sky130hd/gcd/base/5_1_grt.log,42652,67b6dd4839778918d054728deda9940a52b3eee2dd8c9da5c967495ba980f4a9,9e4e95a1517361f07172d370845d46a8cd38e62865400ac860fcfe6fecd7914e
raw_logs/runs/gcd-run-01/logs/sky130hd/gcd/base/5_2_route.log,$GATE03E_EVIDENCE/runs/gcd-run-01/logs/sky130hd/gcd/base/5_2_route.log,15075,e9e7b2a43676124e7fabab031d1b9cf5b5db0e9f558797af8cdc72d1d4a832e6,e21b7432bbfe98b4715e727127ab0f5fbf817237d1bde192df87135cfff65577
raw_logs/runs/gcd-run-01/logs/sky130hd/gcd/base/5_3_fillcell.log,$GATE03E_EVIDENCE/runs/gcd-run-01/logs/sky130hd/gcd/base/5_3_fillcell.log,1334,bb334e4029724e82eb7124f4c576b4e8c05269e5e2e3bd54eb3a098158d0ff19,1fe6ce0de2af43845048c38797e1420403664f0ee7c81741236e56f3049c6d96
raw_logs/runs/gcd-run-01/logs/sky130hd/gcd/base/6_1_fill.log,$GATE03E_EVIDENCE/runs/gcd-run-01/logs/sky130hd/gcd/base/6_1_fill.log,1109,14a8f2ed68d7a64a732bfa6ece8cd6cff836e0ec6db4c37553277fb164701631,6e9c2fd5a79f9e8655402b10ab2c6d0dbf2d72852136afcbc78f3310668317e1
raw_logs/runs/gcd-run-01/logs/sky130hd/gcd/base/6_1_merge.log,$GATE03E_EVIDENCE/runs/gcd-run-01/logs/sky130hd/gcd/base/6_1_merge.log,320,649260301652bec55dfff90cefe0cf2a67f9a4cb76c1dc58f3f409ae2f160836,1925ede769795d7da2239e995ed02b247e526a9c920b769ccb3c13b1c5029dcb
raw_logs/runs/gcd-run-01/logs/sky130hd/gcd/base/6_report.log,$GATE03E_EVIDENCE/runs/gcd-run-01/logs/sky130hd/gcd/base/6_report.log,3788,45480de8600068c747639c0647493f95127e2b93667ef188b124b54b43eaba92,636e295d6c86639452bb870e830dca934e8557d73d0b4a6aa84e944cadc5c22d
raw_logs/runs/gcd-run-01/reports/sky130hd/gcd/base/drt_antennas.log,$GATE03E_EVIDENCE/runs/gcd-run-01/reports/sky130hd/gcd/base/drt_antennas.log,0,e3b0c44298fc1c149afbf4c8996fb92427ae41e4649b934ca495991b7852b855,e3b0c44298fc1c149afbf4c8996fb92427ae41e4649b934ca495991b7852b855
raw_logs/runs/gcd-run-01/reports/sky130hd/gcd/base/grt_antennas.log,$GATE03E_EVIDENCE/runs/gcd-run-01/reports/sky130hd/gcd/base/grt_antennas.log,0,e3b0c44298fc1c149afbf4c8996fb92427ae41e4649b934ca495991b7852b855,e3b0c44298fc1c149afbf4c8996fb92427ae41e4649b934ca495991b7852b855
raw_logs/runs/gcd-run-02/container.log,$GATE03E_EVIDENCE/runs/gcd-run-02/container.log,206010,5649e60afc20e2a50720978f31c3d4831728d7b5b2dc7539be7c948c4daaa7de,d5bbf3679b6e81c0890c837f73e86d80f63de1d8a21ec116299525c043cc4f48
raw_logs/runs/gcd-run-02/logs/sky130hd/gcd/base/1_1_yosys_canonicalize.log,$GATE03E_EVIDENCE/runs/gcd-run-02/logs/sky130hd/gcd/base/1_1_yosys_canonicalize.log,3433,dcdd7be93656091226b3cb43b3f3f7405d1f94863100baee264fe56a34f4ca26,197438f980efd89938aa252c72a33340febc9ddead6717343bc384743c8d4c9f
raw_logs/runs/gcd-run-02/logs/sky130hd/gcd/base/1_2_yosys.log,$GATE03E_EVIDENCE/runs/gcd-run-02/logs/sky130hd/gcd/base/1_2_yosys.log,18952,4031ab5a82c4ab757b46603be3169d37d3e8a7927d104e8327185454b0f34413,ab32c0fc78f5a41f610183dfcd07e2191f0f3633c9dea0628a5c479cdd60352c
raw_logs/runs/gcd-run-02/logs/sky130hd/gcd/base/1_synth.log,$GATE03E_EVIDENCE/runs/gcd-run-02/logs/sky130hd/gcd/base/1_synth.log,1533,e8d7ff6121c577e03f24ce49583af5e58a7a51777d20435e8e041764cb1c23e8,611748eaaa4b4a306dae314c652a3d98ffc6ae1889b9f7f3615d101a716b4efc
raw_logs/runs/gcd-run-02/logs/sky130hd/gcd/base/2_1_floorplan.log,$GATE03E_EVIDENCE/runs/gcd-run-02/logs/sky130hd/gcd/base/2_1_floorplan.log,21698,7c9427225a9ec316be387d87189559ed213580794d4563ec39afbcda2abe5f58,c8bfc9986734a279bb5857411eb2c734f6bf4e4166e347bbeb03c6f90cb33435
raw_logs/runs/gcd-run-02/logs/sky130hd/gcd/base/2_2_floorplan_macro.log,$GATE03E_EVIDENCE/runs/gcd-run-02/logs/sky130hd/gcd/base/2_2_floorplan_macro.log,1160,4b9fc223cae940605dbc61cda83a2d1c572a8f2cc0e23a3ce5154470ca44a7e6,93fd4b30be8ec9bf31b105ae8253f48905a2ef770ea207400f710819b28a2433
raw_logs/runs/gcd-run-02/logs/sky130hd/gcd/base/2_3_floorplan_tapcell.log,$GATE03E_EVIDENCE/runs/gcd-run-02/logs/sky130hd/gcd/base/2_3_floorplan_tapcell.log,1164,3521831d2790e09c06ec57d3231d3237fd5cad9f5da9a5b2a201867922dadabb,caaa749205cf712c5d2e360bb0781e7741e098187e6f29e3bff4f6065b38b5a2
raw_logs/runs/gcd-run-02/logs/sky130hd/gcd/base/2_4_floorplan_pdn.log,$GATE03E_EVIDENCE/runs/gcd-run-02/logs/sky130hd/gcd/base/2_4_floorplan_pdn.log,1329,49a12df5f0e40db14ca678cb55bde7523f4b0d8354bee8a4685f62a159b45e7e,18c1284ca6aaa013505bb70995ab99c4878de759ced99bbe17daa650a15335c9
raw_logs/runs/gcd-run-02/logs/sky130hd/gcd/base/3_1_place_gp_skip_io.log,$GATE03E_EVIDENCE/runs/gcd-run-02/logs/sky130hd/gcd/base/3_1_place_gp_skip_io.log,6583,524ed858a26582292e869954742e539732462efdeb3ef387a1b7221d132644f7,d4b82b14af6463d6c97bd1c743c644888e1b0a609eccc45825d8439c31d7aebb
raw_logs/runs/gcd-run-02/logs/sky130hd/gcd/base/3_2_place_iop.log,$GATE03E_EVIDENCE/runs/gcd-run-02/logs/sky130hd/gcd/base/3_2_place_iop.log,1563,c030cdc5f60b2f64f5a229bda2d479cf80dde1fedd0f2f1242a49a2bf9f02988,c4616b1bb7b45d2822b7598c523ca11567ffd99e7992bc154fe05188bbb74580
raw_logs/runs/gcd-run-02/logs/sky130hd/gcd/base/3_3_place_gp.log,$GATE03E_EVIDENCE/runs/gcd-run-02/logs/sky130hd/gcd/base/3_3_place_gp.log,26329,744998381211ab4ff54550b008f49f0350cff51595e425a84694fe9921828ecd,6c76942b5a75e03dbb14e0987828e27769a2a39ebd14b2ab1771a17d648372c2
raw_logs/runs/gcd-run-02/logs/sky130hd/gcd/base/3_4_place_resized.log,$GATE03E_EVIDENCE/runs/gcd-run-02/logs/sky130hd/gcd/base/3_4_place_resized.log,6993,a726ba61d6075a90be234800ad71352a9c18ad1abc92a96cf6c03398924e9e61,0454be40d76359e4662be6a58415077db9e6f2dac0b33b21e45a33b61f5e5202
raw_logs/runs/gcd-run-02/logs/sky130hd/gcd/base/3_5_place_dp.log,$GATE03E_EVIDENCE/runs/gcd-run-02/logs/sky130hd/gcd/base/3_5_place_dp.log,6730,393ccb25096c19ecff3f5733487f82a924173ae7b0b68a998d1f033ba026f765,d7af73ef11f99850eb184842c904950853746d47b2b51e1161f507325b666a78
raw_logs/runs/gcd-run-02/logs/sky130hd/gcd/base/4_1_cts.log,$GATE03E_EVIDENCE/runs/gcd-run-02/logs/sky130hd/gcd/base/4_1_cts.log,42153,2e0927b09bd6fc729d5294c5ffbc7c854e4f313a2c9d1e1c3b9b294f20f80111,d05a1d312a63981fd1f41ea2b62e0dc934cf442969ce7644c867e7fbdf518a97
raw_logs/runs/gcd-run-02/logs/sky130hd/gcd/base/5_1_grt.log,$GATE03E_EVIDENCE/runs/gcd-run-02/logs/sky130hd/gcd/base/5_1_grt.log,42652,fc6d5714be1caf5413e53ba7c7614deb83ad55c80d60d501b40400fbd579f2be,171edde37bd8d1bfa94dc5ab2563bb31c1dbb3bd8385aa903654af3326276604
raw_logs/runs/gcd-run-02/logs/sky130hd/gcd/base/5_2_route.log,$GATE03E_EVIDENCE/runs/gcd-run-02/logs/sky130hd/gcd/base/5_2_route.log,15082,f457e4a36ec7c943c43c6f93b5b706d08360122c2986eb5e2a6ebb02d511255d,7e94c783897795dbffbd0df9984bfacf39099c65bfb64a359080ae4ee086f353
raw_logs/runs/gcd-run-02/logs/sky130hd/gcd/base/5_3_fillcell.log,$GATE03E_EVIDENCE/runs/gcd-run-02/logs/sky130hd/gcd/base/5_3_fillcell.log,1334,19b394cce62221e0f9b59ea7af01207b6dc9e8c4f6bd7d2f1fccd1ba9e9e933a,a0f011445cbda8cfb2d28568a8bf46288e199a971a3792a5ed00e16829acb744
raw_logs/runs/gcd-run-02/logs/sky130hd/gcd/base/6_1_fill.log,$GATE03E_EVIDENCE/runs/gcd-run-02/logs/sky130hd/gcd/base/6_1_fill.log,1110,fbdf3463e2ecda24967ad8cdd864c3494f4c7a7fde9a34f4f88746b24eefa6e3,6e9c2fd5a79f9e8655402b10ab2c6d0dbf2d72852136afcbc78f3310668317e1
raw_logs/runs/gcd-run-02/logs/sky130hd/gcd/base/6_1_merge.log,$GATE03E_EVIDENCE/runs/gcd-run-02/logs/sky130hd/gcd/base/6_1_merge.log,320,7befdbc5549e8a30d4006ba63dc1ffd135c00e82588cc3430bdd8c01aa634c71,1925ede769795d7da2239e995ed02b247e526a9c920b769ccb3c13b1c5029dcb
raw_logs/runs/gcd-run-02/logs/sky130hd/gcd/base/6_report.log,$GATE03E_EVIDENCE/runs/gcd-run-02/logs/sky130hd/gcd/base/6_report.log,3788,1dab814f1e7f1ef1c9c1f12071ecaa5a2d3d7c74aec334b4bc9e7bdf455f7c72,3a78f9b4ce84f71b8884c094beb3fc0401fa64f074bc7300cc65216003cfa9fe
raw_logs/runs/gcd-run-02/reports/sky130hd/gcd/base/drt_antennas.log,$GATE03E_EVIDENCE/runs/gcd-run-02/reports/sky130hd/gcd/base/drt_antennas.log,0,e3b0c44298fc1c149afbf4c8996fb92427ae41e4649b934ca495991b7852b855,e3b0c44298fc1c149afbf4c8996fb92427ae41e4649b934ca495991b7852b855
raw_logs/runs/gcd-run-02/reports/sky130hd/gcd/base/grt_antennas.log,$GATE03E_EVIDENCE/runs/gcd-run-02/reports/sky130hd/gcd/base/grt_antennas.log,0,e3b0c44298fc1c149afbf4c8996fb92427ae41e4649b934ca495991b7852b855,e3b0c44298fc1c149afbf4c8996fb92427ae41e4649b934ca495991b7852b855
raw_logs/source/git-clone.log,$GATE03E_EVIDENCE/source/git-clone.log,10346,7208becd5a14ecac168f54be1620e81c0870effd85168e6f847ad817b87d3eae,NOT_APPLICABLE
