record_id,architecture,seed,operation,clock_period_ns,technology_library_corner,route_success,setup_wns_ns,timing_feasible,routed_netlist_sha256,spef_sha256,vcd_sha256,workload_sha256,source_result_sha256,activity_boundary,functional_coverage_percent,macro_output_activity_roots,warm_up_cycles,measured_operations,measurement_duration_s,internal_power_W,switching_power_W,leakage_power_W,total_power_W,logic_energy_J_per_operation,qualification,sealed_campaign_commit
hsiao_secded_clk10p0ns_seed11_read_clean_explicit_routed_activity,Hsiao SECDED,11,clean_read,10.0,SKY130 HD / nom_tt_025C_1v80,True,0.551544,True,35c57a0281cb03bd33cee68e36e77c948382d87be615c57a99097db0a2d0e70a,810c4cdf60314cf3e06f6ca9387077f79e93cb0ffcf8023a209c89b81fd0fbb2,a12fa2a513b596bb2e0596c245bc83f0ee9d381514cbcd681ec015eeb5a129e7,73ff21ef0b0227828bdadbd680694aaa23fff3281391038c984172d2761e8668,48988b85c4d540b077cf065a6c4a4e2d964c0a49490b054d5653fef5e95a80b2,POST_ROUTE_GATE_ACTIVITY_ZERO_DELAY_ROUTED_NETLIST,99.356061,72,16,256,2.561e-06,0.0005148269701740001,0.0007649012841284,3.756440491999966e-09,0.0012797319795940002,1.2802318748985291e-11,E5_LOGIC_ACTIVITY_QUALIFIED_MACRO_ENERGY_INCOMPLETE,8cf245ac6ac8cb9b010c073d439f04eb204d48a1
hsiao_secded_clk10p0ns_seed11_read_double_bit_error_detect_explicit_routed_activity,Hsiao SECDED,11,detection,10.0,SKY130 HD / nom_tt_025C_1v80,True,0.551544,True,35c57a0281cb03bd33cee68e36e77c948382d87be615c57a99097db0a2d0e70a,810c4cdf60314cf3e06f6ca9387077f79e93cb0ffcf8023a209c89b81fd0fbb2,e24484cbcdcbe3bbc2d34f939facc637461bdd500393a3aa7d1285f44d89fac7,66683e4bca31bec1567a94d153ccb55cc0b38a96463a44ec9ba6ea877c0cf5b9,48988b85c4d540b077cf065a6c4a4e2d964c0a49490b054d5653fef5e95a80b2,POST_ROUTE_GATE_ACTIVITY_ZERO_DELAY_ROUTED_NETLIST,99.356061,72,16,256,2.561e-06,0.0005496104713519998,0.0008383419481106,3.7164227250999345e-09,0.001387956086546,1.3884982568923072e-11,E5_LOGIC_ACTIVITY_QUALIFIED_MACRO_ENERGY_INCOMPLETE,8cf245ac6ac8cb9b010c073d439f04eb204d48a1
hsiao_secded_clk10p0ns_seed11_read_single_bit_error_correct_explicit_routed_activity,Hsiao SECDED,11,correction,10.0,SKY130 HD / nom_tt_025C_1v80,True,0.551544,True,35c57a0281cb03bd33cee68e36e77c948382d87be615c57a99097db0a2d0e70a,810c4cdf60314cf3e06f6ca9387077f79e93cb0ffcf8023a209c89b81fd0fbb2,b960a6ca43f15a79d25261cc4850775725ae6ae64b9e156806796aad2d79a8e5,e1391d9fa6d3386c72bd35128a37d7073353813e8ab064a3865760571f7cbec2,48988b85c4d540b077cf065a6c4a4e2d964c0a49490b054d5653fef5e95a80b2,POST_ROUTE_GATE_ACTIVITY_ZERO_DELAY_ROUTED_NETLIST,99.356061,72,16,256,2.561e-06,0.00055170780979,0.0008470506290905,3.713807927899994e-09,0.0013987622223799998,1.3993086138731171e-11,E5_LOGIC_ACTIVITY_QUALIFIED_MACRO_ENERGY_INCOMPLETE,8cf245ac6ac8cb9b010c073d439f04eb204d48a1
hsiao_secded_clk10p0ns_seed13_idle,Hsiao SECDED,13,idle,10.0,SKY130 HD / nom_tt_025C_1v80,True,0.52024,True,a4a909baf6320ce1d9f1d112f8d316ba9a965930a9fd4e0f569b98b552d37930,85109e120dd9f5c790d7e87b3832cd52cbf38b29b6eb8f72ce163810c8a96467,12f6e632300e45855b9724cfc71e26323f6f43097c2d2d2c989d7a3ddd9a653e,cb2259d7abf5f335e348140b509530ea53a012d5dfb3fcde8064bd3ca791c324,d163dcf296ffa5a281c87e9f88c1eca03d5be3caa1a020eb28d08736acf66b50,POST_ROUTE_GATE_ACTIVITY_ZERO_DELAY_ROUTED_NETLIST,99.355572,72,16,256,2.561e-06,8.068635361269995e-05,0.0002566699404269,3.698517048200073e-09,0.0003373599611222,3.374917423570134e-12,E5_LOGIC_ACTIVITY_QUALIFIED_MACRO_ENERGY_INCOMPLETE,8cf245ac6ac8cb9b010c073d439f04eb204d48a1
hsiao_secded_clk10p0ns_seed13_read_clean,Hsiao SECDED,13,clean_read,10.0,SKY130 HD / nom_tt_025C_1v80,True,0.52024,True,a4a909baf6320ce1d9f1d112f8d316ba9a965930a9fd4e0f569b98b552d37930,85109e120dd9f5c790d7e87b3832cd52cbf38b29b6eb8f72ce163810c8a96467,499572b1c021e9005b25771d9b944ea196d23531f3ff9e1787f111945da0870a,c2d3cf4e1b8920f577e0e5c6dd156d267a8e7aa7f850e48061456a224fbd2ac5,d163dcf296ffa5a281c87e9f88c1eca03d5be3caa1a020eb28d08736acf66b50,POST_ROUTE_GATE_ACTIVITY_ZERO_DELAY_ROUTED_NETLIST,99.355572,72,16,256,2.561e-06,0.0005030503962179999,0.0007465453236364,3.7132963370999654e-09,0.001249599503354,1.2500876281599979e-11,E5_LOGIC_ACTIVITY_QUALIFIED_MACRO_ENERGY_INCOMPLETE,8cf245ac6ac8cb9b010c073d439f04eb204d48a1
hsiao_secded_clk10p0ns_seed13_read_double_bit_error_detect,Hsiao SECDED,13,detection,10.0,SKY130 HD / nom_tt_025C_1v80,True,0.52024,True,a4a909baf6320ce1d9f1d112f8d316ba9a965930a9fd4e0f569b98b552d37930,85109e120dd9f5c790d7e87b3832cd52cbf38b29b6eb8f72ce163810c8a96467,1b1ba8b3836699f113e6451a3d5b3915dc6b519e4da42d734aa7111169dfbb78,1dd860491841e57c902c3753876aafaf64ebec205be48ee7ad8cf698ec1ff96e,d163dcf296ffa5a281c87e9f88c1eca03d5be3caa1a020eb28d08736acf66b50,POST_ROUTE_GATE_ACTIVITY_ZERO_DELAY_ROUTED_NETLIST,99.355572,72,16,256,2.561e-06,0.0005399791989469998,0.0008200532756746,3.6754386200999155e-09,0.001360036199913,1.3605674640535911e-11,E5_LOGIC_ACTIVITY_QUALIFIED_MACRO_ENERGY_INCOMPLETE,8cf245ac6ac8cb9b010c073d439f04eb204d48a1
hsiao_secded_clk10p0ns_seed13_read_single_bit_error_correct,Hsiao SECDED,13,correction,10.0,SKY130 HD / nom_tt_025C_1v80,True,0.52024,True,a4a909baf6320ce1d9f1d112f8d316ba9a965930a9fd4e0f569b98b552d37930,85109e120dd9f5c790d7e87b3832cd52cbf38b29b6eb8f72ce163810c8a96467,ccb803c317a7dfee39d4e52dc5e767a1b4ae3e2105a9d090532d40382536247c,16f6782a83b4fc8863b88bfb8b0dc3054644981e0d9b60cfc421fe0c0b21d5ac,d163dcf296ffa5a281c87e9f88c1eca03d5be3caa1a020eb28d08736acf66b50,POST_ROUTE_GATE_ACTIVITY_ZERO_DELAY_ROUTED_NETLIST,99.355572,72,16,256,2.561e-06,0.0005428951699279999,0.0008292585844174,3.672823822899975e-09,0.001372157596052,1.3726935951129579e-11,E5_LOGIC_ACTIVITY_QUALIFIED_MACRO_ENERGY_INCOMPLETE,8cf245ac6ac8cb9b010c073d439f04eb204d48a1
hsiao_secded_clk10p0ns_seed13_write_clean,Hsiao SECDED,13,clean_write,10.0,SKY130 HD / nom_tt_025C_1v80,True,0.52024,True,a4a909baf6320ce1d9f1d112f8d316ba9a965930a9fd4e0f569b98b552d37930,85109e120dd9f5c790d7e87b3832cd52cbf38b29b6eb8f72ce163810c8a96467,e2a5c4f4c92f8fb35649be761ce3edee734e6d6ef9e25e1c0ad75d4b071dae27,ce6c3a5fa82cc67705a8ca11f33e86d1daa5f47bf2beeb00e330f54f145b751b,d163dcf296ffa5a281c87e9f88c1eca03d5be3caa1a020eb28d08736acf66b50,POST_ROUTE_GATE_ACTIVITY_ZERO_DELAY_ROUTED_NETLIST,99.355572,72,16,256,2.561e-06,0.00035295693669510004,0.0007874360308051,3.547143023799999e-09,0.0011403965181666998,1.1408419855566087e-11,E5_LOGIC_ACTIVITY_QUALIFIED_MACRO_ENERGY_INCOMPLETE,8cf245ac6ac8cb9b010c073d439f04eb204d48a1
hsiao_secded_clk10p0ns_seed17_idle,Hsiao SECDED,17,idle,10.0,SKY130 HD / nom_tt_025C_1v80,True,0.707029,True,6dfc3053617c4437e92bac4e78732b1c91cb39965edaf6412e093638724801ed,ac0f269d43da39990e4b68666f06e7734eecdd26c36d5fd529a349966b628356,628c31f70c9562cd84ad7ca592add00a3ad5f7925af33486aad659fe781c476b,cb2259d7abf5f335e348140b509530ea53a012d5dfb3fcde8064bd3ca791c324,3e49972e7c9b3988a4dd05487c46273c2932fd174c500de686069610a71666b2,POST_ROUTE_GATE_ACTIVITY_ZERO_DELAY_ROUTED_NETLIST,99.352134,72,16,256,2.561e-06,8.066953159869997e-05,0.000254964834312,3.74694764110008e-09,0.00033563812030480006,3.3576922894554413e-12,E5_LOGIC_ACTIVITY_QUALIFIED_MACRO_ENERGY_INCOMPLETE,8cf245ac6ac8cb9b010c073d439f04eb204d48a1
hsiao_secded_clk10p0ns_seed17_read_clean,Hsiao SECDED,17,clean_read,10.0,SKY130 HD / nom_tt_025C_1v80,True,0.707029,True,6dfc3053617c4437e92bac4e78732b1c91cb39965edaf6412e093638724801ed,ac0f269d43da39990e4b68666f06e7734eecdd26c36d5fd529a349966b628356,2f35d29346d7454701237e24dafb598027c840c86e098fead1e78dc67e922256,c2d3cf4e1b8920f577e0e5c6dd156d267a8e7aa7f850e48061456a224fbd2ac5,3e49972e7c9b3988a4dd05487c46273c2932fd174c500de686069610a71666b2,POST_ROUTE_GATE_ACTIVITY_ZERO_DELAY_ROUTED_NETLIST,99.352134,72,16,256,2.561e-06,0.0005028496962039999,0.00073457689723,3.746890797599904e-09,0.0012374303769319998,1.2379137481729889e-11,E5_LOGIC_ACTIVITY_QUALIFIED_MACRO_ENERGY_INCOMPLETE,8cf245ac6ac8cb9b010c073d439f04eb204d48a1
hsiao_secded_clk10p0ns_seed17_read_double_bit_error_detect,Hsiao SECDED,17,detection,10.0,SKY130 HD / nom_tt_025C_1v80,True,0.707029,True,6dfc3053617c4437e92bac4e78732b1c91cb39965edaf6412e093638724801ed,ac0f269d43da39990e4b68666f06e7734eecdd26c36d5fd529a349966b628356,0814f4baf8dd83a085058df5fbb4aed48fd3e34854eb31bea59385dc41bee378,1dd860491841e57c902c3753876aafaf64ebec205be48ee7ad8cf698ec1ff96e,3e49972e7c9b3988a4dd05487c46273c2932fd174c500de686069610a71666b2,POST_ROUTE_GATE_ACTIVITY_ZERO_DELAY_ROUTED_NETLIST,99.352134,72,16,256,2.561e-06,0.0005384727846829999,0.0008097377140075,3.7087488635999946e-09,0.001348214223981,1.3487408701622426e-11,E5_LOGIC_ACTIVITY_QUALIFIED_MACRO_ENERGY_INCOMPLETE,8cf245ac6ac8cb9b010c073d439f04eb204d48a1
hsiao_secded_clk10p0ns_seed17_read_single_bit_error_correct,Hsiao SECDED,17,correction,10.0,SKY130 HD / nom_tt_025C_1v80,True,0.707029,True,6dfc3053617c4437e92bac4e78732b1c91cb39965edaf6412e093638724801ed,ac0f269d43da39990e4b68666f06e7734eecdd26c36d5fd529a349966b628356,bc276da3143287315d30a28bfd39a213c51bf42cfa913fca917154daa5cc84b5,16f6782a83b4fc8863b88bfb8b0dc3054644981e0d9b60cfc421fe0c0b21d5ac,3e49972e7c9b3988a4dd05487c46273c2932fd174c500de686069610a71666b2,POST_ROUTE_GATE_ACTIVITY_ZERO_DELAY_ROUTED_NETLIST,99.352134,72,16,256,2.561e-06,0.000541136600077,0.0008188738720492,3.705508788699941e-09,0.001360014081002,1.3605453365023915e-11,E5_LOGIC_ACTIVITY_QUALIFIED_MACRO_ENERGY_INCOMPLETE,8cf245ac6ac8cb9b010c073d439f04eb204d48a1
hsiao_secded_clk10p0ns_seed17_write_clean,Hsiao SECDED,17,clean_write,10.0,SKY130 HD / nom_tt_025C_1v80,True,0.707029,True,6dfc3053617c4437e92bac4e78732b1c91cb39965edaf6412e093638724801ed,ac0f269d43da39990e4b68666f06e7734eecdd26c36d5fd529a349966b628356,300b6066e4f2d6cb55ecf1377403ae38bc757a43a409539bc81604c33ab8ce4e,ce6c3a5fa82cc67705a8ca11f33e86d1daa5f47bf2beeb00e330f54f145b751b,3e49972e7c9b3988a4dd05487c46273c2932fd174c500de686069610a71666b2,POST_ROUTE_GATE_ACTIVITY_ZERO_DELAY_ROUTED_NETLIST,99.352134,72,16,256,2.561e-06,0.00035176565870609995,0.0007825925713405,3.595062025899978e-09,0.0011343617807146999,1.1348048907852916e-11,E5_LOGIC_ACTIVITY_QUALIFIED_MACRO_ENERGY_INCOMPLETE,8cf245ac6ac8cb9b010c073d439f04eb204d48a1
hsiao_secded_clk10p0ns_seed19_idle,Hsiao SECDED,19,idle,10.0,SKY130 HD / nom_tt_025C_1v80,True,0.728048,True,a71ddf504f336a346f04e37ef2b9a6698939a71400868cf9e832585236c62bc0,1b5d40246b65e97bafaad1eaa3a8b864e5550729a46e4ac34aa4207173efc60d,05c539536837c28b00edaf946bccbb21dda061a14a8185b27bd0dcfc15576e5f,cb2259d7abf5f335e348140b509530ea53a012d5dfb3fcde8064bd3ca791c324,d318281e365931f81788ca990a0bbea0d2f1cadb7151f217dd6900408372d9bb,POST_ROUTE_GATE_ACTIVITY_ZERO_DELAY_ROUTED_NETLIST,99.354594,72,16,256,2.561e-06,8.067337330429998e-05,0.000258892250713,3.686977834200022e-09,0.0003395692910999,3.3970193535423594e-12,E5_LOGIC_ACTIVITY_QUALIFIED_MACRO_ENERGY_INCOMPLETE,8cf245ac6ac8cb9b010c073d439f04eb204d48a1
hsiao_secded_clk10p0ns_seed19_read_clean,Hsiao SECDED,19,clean_read,10.0,SKY130 HD / nom_tt_025C_1v80,True,0.728048,True,a71ddf504f336a346f04e37ef2b9a6698939a71400868cf9e832585236c62bc0,1b5d40246b65e97bafaad1eaa3a8b864e5550729a46e4ac34aa4207173efc60d,9b58d409d562bd0b4de93f29d192af4876b4a5e4880b1ca83aa0da966d2081bd,c2d3cf4e1b8920f577e0e5c6dd156d267a8e7aa7f850e48061456a224fbd2ac5,d318281e365931f81788ca990a0bbea0d2f1cadb7151f217dd6900408372d9bb,POST_ROUTE_GATE_ACTIVITY_ZERO_DELAY_ROUTED_NETLIST,99.354594,72,16,256,2.561e-06,0.0004985097330059999,0.0007589566521347,3.6989149520999112e-09,0.001257470110432,1.2579613096938876e-11,E5_LOGIC_ACTIVITY_QUALIFIED_MACRO_ENERGY_INCOMPLETE,8cf245ac6ac8cb9b010c073d439f04eb204d48a1
hsiao_secded_clk10p0ns_seed19_read_double_bit_error_detect,Hsiao SECDED,19,detection,10.0,SKY130 HD / nom_tt_025C_1v80,True,0.728048,True,a71ddf504f336a346f04e37ef2b9a6698939a71400868cf9e832585236c62bc0,1b5d40246b65e97bafaad1eaa3a8b864e5550729a46e4ac34aa4207173efc60d,d4c00e9bf86c0cc90dae6c421b1f3a6082dbced73492762a3bcf2047b404644c,1dd860491841e57c902c3753876aafaf64ebec205be48ee7ad8cf698ec1ff96e,d318281e365931f81788ca990a0bbea0d2f1cadb7151f217dd6900408372d9bb,POST_ROUTE_GATE_ACTIVITY_ZERO_DELAY_ROUTED_NETLIST,99.354594,72,16,256,2.561e-06,0.0005341374780980001,0.0008326167589985,3.660318270699987e-09,0.0013667580205950001,1.3672919104467951e-11,E5_LOGIC_ACTIVITY_QUALIFIED_MACRO_ENERGY_INCOMPLETE,8cf245ac6ac8cb9b010c073d439f04eb204d48a1
hsiao_secded_clk10p0ns_seed19_read_single_bit_error_correct,Hsiao SECDED,19,correction,10.0,SKY130 HD / nom_tt_025C_1v80,True,0.728048,True,a71ddf504f336a346f04e37ef2b9a6698939a71400868cf9e832585236c62bc0,1b5d40246b65e97bafaad1eaa3a8b864e5550729a46e4ac34aa4207173efc60d,c3cd96e1ff2d7d7aa68a98eb64ab6815323f858e847b402cef61aea0099b6cae,16f6782a83b4fc8863b88bfb8b0dc3054644981e0d9b60cfc421fe0c0b21d5ac,d318281e365931f81788ca990a0bbea0d2f1cadb7151f217dd6900408372d9bb,POST_ROUTE_GATE_ACTIVITY_ZERO_DELAY_ROUTED_NETLIST,99.354594,72,16,256,2.561e-06,0.000536833424121,0.0008413676405326,3.657760316899955e-09,0.001378204673529,1.3787430347295974e-11,E5_LOGIC_ACTIVITY_QUALIFIED_MACRO_ENERGY_INCOMPLETE,8cf245ac6ac8cb9b010c073d439f04eb204d48a1
hsiao_secded_clk10p0ns_seed19_write_clean,Hsiao SECDED,19,clean_write,10.0,SKY130 HD / nom_tt_025C_1v80,True,0.728048,True,a71ddf504f336a346f04e37ef2b9a6698939a71400868cf9e832585236c62bc0,1b5d40246b65e97bafaad1eaa3a8b864e5550729a46e4ac34aa4207173efc60d,d78acc4eeb17ee79fbe17c5e351e7bb5def867ef1ad9aae58396e85dc82013ec,ce6c3a5fa82cc67705a8ca11f33e86d1daa5f47bf2beeb00e330f54f145b751b,d318281e365931f81788ca990a0bbea0d2f1cadb7151f217dd6900408372d9bb,POST_ROUTE_GATE_ACTIVITY_ZERO_DELAY_ROUTED_NETLIST,99.354594,72,16,256,2.561e-06,0.00035163306165510004,0.0007886896491982,3.5363427741999284e-09,0.0011403262033127001,1.1407716432358693e-11,E5_LOGIC_ACTIVITY_QUALIFIED_MACRO_ENERGY_INCOMPLETE,8cf245ac6ac8cb9b010c073d439f04eb204d48a1
hsiao_secded_clk10p0ns_seed23_idle,Hsiao SECDED,23,idle,10.0,SKY130 HD / nom_tt_025C_1v80,True,0.880356,True,fbe94842a247380c9b76168ba0b3b9c77a392910e56b5f81121697369ca56d43,02c5a7b3aef7d3812c20b8c166ce836f2a84943882cced227fa30e982a5bcf84,911d8a143f259928a28bb61fe123b082b5a926ef3399402560ebdcf9ffb4708c,cb2259d7abf5f335e348140b509530ea53a012d5dfb3fcde8064bd3ca791c324,07da9de4b0504abbdc91c8922d74fbcd9c43e717ed23ad1f99c268a3562e8954,POST_ROUTE_GATE_ACTIVITY_ZERO_DELAY_ROUTED_NETLIST,99.355572,72,16,256,2.561e-06,8.06911848486e-05,0.0002541143621784,3.695220129900005e-09,0.00033480918500570004,3.349399698435929e-12,E5_LOGIC_ACTIVITY_QUALIFIED_MACRO_ENERGY_INCOMPLETE,8cf245ac6ac8cb9b010c073d439f04eb204d48a1
hsiao_secded_clk10p0ns_seed23_read_clean,Hsiao SECDED,23,clean_read,10.0,SKY130 HD / nom_tt_025C_1v80,True,0.880356,True,fbe94842a247380c9b76168ba0b3b9c77a392910e56b5f81121697369ca56d43,02c5a7b3aef7d3812c20b8c166ce836f2a84943882cced227fa30e982a5bcf84,3179a2243f93f408ca5fb7d51c66851155b5100678b0ac5a139408104c9a2ebe,c2d3cf4e1b8920f577e0e5c6dd156d267a8e7aa7f850e48061456a224fbd2ac5,07da9de4b0504abbdc91c8922d74fbcd9c43e717ed23ad1f99c268a3562e8954,POST_ROUTE_GATE_ACTIVITY_ZERO_DELAY_ROUTED_NETLIST,99.355572,72,16,256,2.561e-06,0.0004973076283930002,0.0007402481860481,3.709544671399989e-09,0.00123755959794,1.2380430196579454e-11,E5_LOGIC_ACTIVITY_QUALIFIED_MACRO_ENERGY_INCOMPLETE,8cf245ac6ac8cb9b010c073d439f04eb204d48a1
hsiao_secded_clk10p0ns_seed23_read_double_bit_error_detect,Hsiao SECDED,23,detection,10.0,SKY130 HD / nom_tt_025C_1v80,True,0.880356,True,fbe94842a247380c9b76168ba0b3b9c77a392910e56b5f81121697369ca56d43,02c5a7b3aef7d3812c20b8c166ce836f2a84943882cced227fa30e982a5bcf84,c743716ff80ff6f613f1ee7b0c17956b3388b7d24ea60a4e9d5bd2ed6fb29249,1dd860491841e57c902c3753876aafaf64ebec205be48ee7ad8cf698ec1ff96e,07da9de4b0504abbdc91c8922d74fbcd9c43e717ed23ad1f99c268a3562e8954,POST_ROUTE_GATE_ACTIVITY_ZERO_DELAY_ROUTED_NETLIST,99.355572,72,16,256,2.561e-06,0.0005341831129040001,0.0008148797787726,3.6726532925999822e-09,0.001349066616968,1.3495935961152532e-11,E5_LOGIC_ACTIVITY_QUALIFIED_MACRO_ENERGY_INCOMPLETE,8cf245ac6ac8cb9b010c073d439f04eb204d48a1
hsiao_secded_clk10p0ns_seed23_read_single_bit_error_correct,Hsiao SECDED,23,correction,10.0,SKY130 HD / nom_tt_025C_1v80,True,0.880356,True,fbe94842a247380c9b76168ba0b3b9c77a392910e56b5f81121697369ca56d43,02c5a7b3aef7d3812c20b8c166ce836f2a84943882cced227fa30e982a5bcf84,134ba47696c0197fb638fce4c836a0ed30979449c23ad45533ce48833714dc0b,16f6782a83b4fc8863b88bfb8b0dc3054644981e0d9b60cfc421fe0c0b21d5ac,07da9de4b0504abbdc91c8922d74fbcd9c43e717ed23ad1f99c268a3562e8954,POST_ROUTE_GATE_ACTIVITY_ZERO_DELAY_ROUTED_NETLIST,99.355572,72,16,256,2.561e-06,0.000537866959348,0.000824227463454,3.6695837479999215e-09,0.001362098148093,1.3626302176820989e-11,E5_LOGIC_ACTIVITY_QUALIFIED_MACRO_ENERGY_INCOMPLETE,8cf245ac6ac8cb9b010c073d439f04eb204d48a1
hsiao_secded_clk10p0ns_seed23_write_clean,Hsiao SECDED,23,clean_write,10.0,SKY130 HD / nom_tt_025C_1v80,True,0.880356,True,fbe94842a247380c9b76168ba0b3b9c77a392910e56b5f81121697369ca56d43,02c5a7b3aef7d3812c20b8c166ce836f2a84943882cced227fa30e982a5bcf84,a6358adafc78b2b9e4718b381f74726ea7064987893b245ba49df09de21ed451,ce6c3a5fa82cc67705a8ca11f33e86d1daa5f47bf2beeb00e330f54f145b751b,07da9de4b0504abbdc91c8922d74fbcd9c43e717ed23ad1f99c268a3562e8954,POST_ROUTE_GATE_ACTIVITY_ZERO_DELAY_ROUTED_NETLIST,99.355572,72,16,256,2.561e-06,0.0003529390087351,0.0007833349518478,3.5438461054999313e-09,0.0011362772784196998,1.1367211367315825e-11,E5_LOGIC_ACTIVITY_QUALIFIED_MACRO_ENERGY_INCOMPLETE,8cf245ac6ac8cb9b010c073d439f04eb204d48a1
secded_clk10p0ns_seed11_read_clean_explicit_routed_activity,Conventional SECDED,11,clean_read,10.0,SKY130 HD / nom_tt_025C_1v80,True,0.205922,True,71e2460c21db9796c0cf5bfb097e3ee55e6d41d5c81f6d98336d793907e489d5,dce5b608fa2d0d26be605a4e0779c9cf775eca52eb3d6eb14219999a88c67456,0c4b196de33bc88135f59fd26b67caae612b00771ae75f6dc61cef44a2241545,73ff21ef0b0227828bdadbd680694aaa23fff3281391038c984172d2761e8668,a7b98d06e6d7568eaca1cee9945b9df5b5abae9696b0be778003338a1027fae1,POST_ROUTE_GATE_ACTIVITY_ZERO_DELAY_ROUTED_NETLIST,99.300124,72,16,256,2.561e-06,0.00047821830958100003,0.000784462725278,3.6201868169999267e-09,0.0012626848183579999,1.263178054615171e-11,E5_LOGIC_ACTIVITY_QUALIFIED_MACRO_ENERGY_INCOMPLETE,8cf245ac6ac8cb9b010c073d439f04eb204d48a1
secded_clk10p0ns_seed11_read_double_bit_error_detect_explicit_routed_activity,Conventional SECDED,11,detection,10.0,SKY130 HD / nom_tt_025C_1v80,True,0.205922,True,71e2460c21db9796c0cf5bfb097e3ee55e6d41d5c81f6d98336d793907e489d5,dce5b608fa2d0d26be605a4e0779c9cf775eca52eb3d6eb14219999a88c67456,05cf0d060e8c21ee92b8501c6078d4d547df4eed8403bc9cc4319a6c6240165f,66683e4bca31bec1567a94d153ccb55cc0b38a96463a44ec9ba6ea877c0cf5b9,a7b98d06e6d7568eaca1cee9945b9df5b5abae9696b0be778003338a1027fae1,POST_ROUTE_GATE_ACTIVITY_ZERO_DELAY_ROUTED_NETLIST,99.300124,72,16,256,2.561e-06,0.0005084751173850001,0.0008389432914555,3.613592980399897e-09,0.0013474221341319998,1.3479484709031452e-11,E5_LOGIC_ACTIVITY_QUALIFIED_MACRO_ENERGY_INCOMPLETE,8cf245ac6ac8cb9b010c073d439f04eb204d48a1
secded_clk10p0ns_seed11_read_single_bit_error_correct_explicit_routed_activity,Conventional SECDED,11,correction,10.0,SKY130 HD / nom_tt_025C_1v80,True,0.205922,True,71e2460c21db9796c0cf5bfb097e3ee55e6d41d5c81f6d98336d793907e489d5,dce5b608fa2d0d26be605a4e0779c9cf775eca52eb3d6eb14219999a88c67456,81c467669e5c3628070fec58c8a67ba822b2a4cabb46537d6efa82d7adba6f24,e1391d9fa6d3386c72bd35128a37d7073353813e8ab064a3865760571f7cbec2,a7b98d06e6d7568eaca1cee9945b9df5b5abae9696b0be778003338a1027fae1,POST_ROUTE_GATE_ACTIVITY_ZERO_DELAY_ROUTED_NETLIST,99.300124,72,16,256,2.561e-06,0.000506221316754,0.0008404223481193,3.6046685635999983e-09,0.001346647273749,1.3471733078403082e-11,E5_LOGIC_ACTIVITY_QUALIFIED_MACRO_ENERGY_INCOMPLETE,8cf245ac6ac8cb9b010c073d439f04eb204d48a1
secded_clk10p0ns_seed13_idle,Conventional SECDED,13,idle,10.0,SKY130 HD / nom_tt_025C_1v80,True,0.619944,True,0be87cf10a8e14d2a829bebe9080a5ca117a2f99300c63441c015407a441eabc,8337ce295788e83c948a2e72ed0998897cf6cf00a376f0990eb95a6fda290636,bea2abc76a58be5a31294e2440fe625f93ee762a842716263bab50cefafacd51,cb2259d7abf5f335e348140b509530ea53a012d5dfb3fcde8064bd3ca791c324,cac2ffd45752875784c894a942377df58409f7516a9e0a3f038dd90816a8afaf,POST_ROUTE_GATE_ACTIVITY_ZERO_DELAY_ROUTED_NETLIST,99.302421,72,16,256,2.561e-06,8.068623719739991e-05,0.0002548160846345,3.7019276533000635e-09,0.0003355060471222,3.356371041718571e-12,E5_LOGIC_ACTIVITY_QUALIFIED_MACRO_ENERGY_INCOMPLETE,8cf245ac6ac8cb9b010c073d439f04eb204d48a1
secded_clk10p0ns_seed13_read_clean,Conventional SECDED,13,clean_read,10.0,SKY130 HD / nom_tt_025C_1v80,True,0.619944,True,0be87cf10a8e14d2a829bebe9080a5ca117a2f99300c63441c015407a441eabc,8337ce295788e83c948a2e72ed0998897cf6cf00a376f0990eb95a6fda290636,414ae73ee438b54ef644332db2fdb71116ddf1e0b06d0e4c7203c5048e57b962,c2d3cf4e1b8920f577e0e5c6dd156d267a8e7aa7f850e48061456a224fbd2ac5,cac2ffd45752875784c894a942377df58409f7516a9e0a3f038dd90816a8afaf,POST_ROUTE_GATE_ACTIVITY_ZERO_DELAY_ROUTED_NETLIST,99.302421,72,16,256,2.561e-06,0.00047700153663699993,0.000793892191723,3.66048880099998e-09,0.001270897453651,1.2713938979688324e-11,E5_LOGIC_ACTIVITY_QUALIFIED_MACRO_ENERGY_INCOMPLETE,8cf245ac6ac8cb9b010c073d439f04eb204d48a1
secded_clk10p0ns_seed13_read_double_bit_error_detect,Conventional SECDED,13,detection,10.0,SKY130 HD / nom_tt_025C_1v80,True,0.619944,True,0be87cf10a8e14d2a829bebe9080a5ca117a2f99300c63441c015407a441eabc,8337ce295788e83c948a2e72ed0998897cf6cf00a376f0990eb95a6fda290636,eadc952765ff446b657e4c1830e2a73f3171c99729c87875dd0e6042b12ddc58,1dd860491841e57c902c3753876aafaf64ebec205be48ee7ad8cf698ec1ff96e,cac2ffd45752875784c894a942377df58409f7516a9e0a3f038dd90816a8afaf,POST_ROUTE_GATE_ACTIVITY_ZERO_DELAY_ROUTED_NETLIST,99.302421,72,16,256,2.561e-06,0.0005094457883380002,0.0008476065122522,3.6546339287999302e-09,0.0013570559676740002,1.357586067661373e-11,E5_LOGIC_ACTIVITY_QUALIFIED_MACRO_ENERGY_INCOMPLETE,8cf245ac6ac8cb9b010c073d439f04eb204d48a1
secded_clk10p0ns_seed13_read_single_bit_error_correct,Conventional SECDED,13,correction,10.0,SKY130 HD / nom_tt_025C_1v80,True,0.619944,True,0be87cf10a8e14d2a829bebe9080a5ca117a2f99300c63441c015407a441eabc,8337ce295788e83c948a2e72ed0998897cf6cf00a376f0990eb95a6fda290636,5f276ee8d3aaabc6f0448a10f3390390c0f900d0f02fa436e65403c9ef278185,16f6782a83b4fc8863b88bfb8b0dc3054644981e0d9b60cfc421fe0c0b21d5ac,cac2ffd45752875784c894a942377df58409f7516a9e0a3f038dd90816a8afaf,POST_ROUTE_GATE_ACTIVITY_ZERO_DELAY_ROUTED_NETLIST,99.302421,72,16,256,2.561e-06,0.0005067798774679999,0.0008497727103531,3.644686330499924e-09,0.001356556313113,1.3570862179228099e-11,E5_LOGIC_ACTIVITY_QUALIFIED_MACRO_ENERGY_INCOMPLETE,8cf245ac6ac8cb9b010c073d439f04eb204d48a1
secded_clk10p0ns_seed13_write_clean,Conventional SECDED,13,clean_write,10.0,SKY130 HD / nom_tt_025C_1v80,True,0.619944,True,0be87cf10a8e14d2a829bebe9080a5ca117a2f99300c63441c015407a441eabc,8337ce295788e83c948a2e72ed0998897cf6cf00a376f0990eb95a6fda290636,c2d956c0a7d94aed200a227bc16a8861dfbeb26c9cfda90418c960284cbc0c74,ce6c3a5fa82cc67705a8ca11f33e86d1daa5f47bf2beeb00e330f54f145b751b,cac2ffd45752875784c894a942377df58409f7516a9e0a3f038dd90816a8afaf,POST_ROUTE_GATE_ACTIVITY_ZERO_DELAY_ROUTED_NETLIST,99.302421,72,16,256,2.561e-06,0.0003523768391460999,0.0007807228830643,3.5308858059999847e-09,0.0011331030982546998,1.1335457166524556e-11,E5_LOGIC_ACTIVITY_QUALIFIED_MACRO_ENERGY_INCOMPLETE,8cf245ac6ac8cb9b010c073d439f04eb204d48a1
secded_clk10p0ns_seed17_idle,Conventional SECDED,17,idle,10.0,SKY130 HD / nom_tt_025C_1v80,True,0.59898,True,a97387e8b66d64b3d65965f5567e6a598f9515978a5955dcfbcef1cb2b4bade3,2985056ed6c454daae6b6737a65cd3af12188a632cc147f27f2a87903aab2dc8,36f9ac07843d773a54a65984e2513e065b607a13cddbbbe3c5197fec176e93fc,cb2259d7abf5f335e348140b509530ea53a012d5dfb3fcde8064bd3ca791c324,e0ae40cc60fe7d3917c8e8b1c08ecba94f6ad9d2fbf009a11bbd96548f7904fb,POST_ROUTE_GATE_ACTIVITY_ZERO_DELAY_ROUTED_NETLIST,99.303564,72,16,256,2.561e-06,8.06890311650999e-05,0.0002578105777502,3.6890810406999895e-09,0.00033850327599789997,3.386355038400867e-12,E5_LOGIC_ACTIVITY_QUALIFIED_MACRO_ENERGY_INCOMPLETE,8cf245ac6ac8cb9b010c073d439f04eb204d48a1
secded_clk10p0ns_seed17_read_clean,Conventional SECDED,17,clean_read,10.0,SKY130 HD / nom_tt_025C_1v80,True,0.59898,True,a97387e8b66d64b3d65965f5567e6a598f9515978a5955dcfbcef1cb2b4bade3,2985056ed6c454daae6b6737a65cd3af12188a632cc147f27f2a87903aab2dc8,60dd301f40cb1e2a25d9c764322ec3522a45fc2fdc18701ddda4c10779791306,c2d3cf4e1b8920f577e0e5c6dd156d267a8e7aa7f850e48061456a224fbd2ac5,e0ae40cc60fe7d3917c8e8b1c08ecba94f6ad9d2fbf009a11bbd96548f7904fb,POST_ROUTE_GATE_ACTIVITY_ZERO_DELAY_ROUTED_NETLIST,99.303564,72,16,256,2.561e-06,0.00047720642760299987,0.0007692420622334,3.656452918199982e-09,0.001246452331543,1.246939226985009e-11,E5_LOGIC_ACTIVITY_QUALIFIED_MACRO_ENERGY_INCOMPLETE,8cf245ac6ac8cb9b010c073d439f04eb204d48a1
secded_clk10p0ns_seed17_read_double_bit_error_detect,Conventional SECDED,17,detection,10.0,SKY130 HD / nom_tt_025C_1v80,True,0.59898,True,a97387e8b66d64b3d65965f5567e6a598f9515978a5955dcfbcef1cb2b4bade3,2985056ed6c454daae6b6737a65cd3af12188a632cc147f27f2a87903aab2dc8,d3c0f5eeb84c73065e1bdcae97358d98a0b4716bd1a8db1437575ab94adbb801,1dd860491841e57c902c3753876aafaf64ebec205be48ee7ad8cf698ec1ff96e,e0ae40cc60fe7d3917c8e8b1c08ecba94f6ad9d2fbf009a11bbd96548f7904fb,POST_ROUTE_GATE_ACTIVITY_ZERO_DELAY_ROUTED_NETLIST,99.303564,72,16,256,2.561e-06,0.0005095375236120001,0.0008247859659605,3.6508822631999038e-09,0.001334327273071,1.3348484946620435e-11,E5_LOGIC_ACTIVITY_QUALIFIED_MACRO_ENERGY_INCOMPLETE,8cf245ac6ac8cb9b010c073d439f04eb204d48a1
secded_clk10p0ns_seed17_read_single_bit_error_correct,Conventional SECDED,17,correction,10.0,SKY130 HD / nom_tt_025C_1v80,True,0.59898,True,a97387e8b66d64b3d65965f5567e6a598f9515978a5955dcfbcef1cb2b4bade3,2985056ed6c454daae6b6737a65cd3af12188a632cc147f27f2a87903aab2dc8,308ae547fe943a890a56cf1c76f8c81ccca5772b94eac000774446b227e26a55,16f6782a83b4fc8863b88bfb8b0dc3054644981e0d9b60cfc421fe0c0b21d5ac,e0ae40cc60fe7d3917c8e8b1c08ecba94f6ad9d2fbf009a11bbd96548f7904fb,POST_ROUTE_GATE_ACTIVITY_ZERO_DELAY_ROUTED_NETLIST,99.303564,72,16,256,2.561e-06,0.000507535180076,0.0008280039182864,3.640820977999919e-09,0.001335542881862,1.3360645783002275e-11,E5_LOGIC_ACTIVITY_QUALIFIED_MACRO_ENERGY_INCOMPLETE,8cf245ac6ac8cb9b010c073d439f04eb204d48a1
secded_clk10p0ns_seed17_write_clean,Conventional SECDED,17,clean_write,10.0,SKY130 HD / nom_tt_025C_1v80,True,0.59898,True,a97387e8b66d64b3d65965f5567e6a598f9515978a5955dcfbcef1cb2b4bade3,2985056ed6c454daae6b6737a65cd3af12188a632cc147f27f2a87903aab2dc8,f93d44409d59188766c714e3c411288028fbcce7a8fccfd65b46ced9e1ca52c2,ce6c3a5fa82cc67705a8ca11f33e86d1daa5f47bf2beeb00e330f54f145b751b,e0ae40cc60fe7d3917c8e8b1c08ecba94f6ad9d2fbf009a11bbd96548f7904fb,POST_ROUTE_GATE_ACTIVITY_ZERO_DELAY_ROUTED_NETLIST,99.303564,72,16,256,2.561e-06,0.0003521683393050999,0.0007682502036914,3.5179823498999465e-09,0.0011204219772476998,1.1208596420825623e-11,E5_LOGIC_ACTIVITY_QUALIFIED_MACRO_ENERGY_INCOMPLETE,8cf245ac6ac8cb9b010c073d439f04eb204d48a1
secded_clk10p0ns_seed19_idle,Conventional SECDED,19,idle,10.0,SKY130 HD / nom_tt_025C_1v80,True,0.310099,True,aa9cb9420a51b5f7405be33c6f8d8ee4a48ec743fe4d0099eb2b9b864bcec02b,a647772d313fd05e667a57ec3d52da7059bdd46c2b2574f5297cb4e525e838c7,c81073fcbd4e804ecf520b996a0848fcc97db9678654d8e3e84250a30022f907,cb2259d7abf5f335e348140b509530ea53a012d5dfb3fcde8064bd3ca791c324,c607fd6cfbbe3ceabd8bf6b0cc94469263b44543a23821e580226d28aa580aa5,POST_ROUTE_GATE_ACTIVITY_ZERO_DELAY_ROUTED_NETLIST,99.302421,72,16,256,2.561e-06,8.067965973169999e-05,0.0002520769485272,3.675040716200077e-09,0.0003327602753415,3.328902598240553e-12,E5_LOGIC_ACTIVITY_QUALIFIED_MACRO_ENERGY_INCOMPLETE,8cf245ac6ac8cb9b010c073d439f04eb204d48a1
secded_clk10p0ns_seed19_read_clean,Conventional SECDED,19,clean_read,10.0,SKY130 HD / nom_tt_025C_1v80,True,0.310099,True,aa9cb9420a51b5f7405be33c6f8d8ee4a48ec743fe4d0099eb2b9b864bcec02b,a647772d313fd05e667a57ec3d52da7059bdd46c2b2574f5297cb4e525e838c7,e7122b4cb381b7748597c16f8a327ab50c992812df133e6f34997b4b58031353,c2d3cf4e1b8920f577e0e5c6dd156d267a8e7aa7f850e48061456a224fbd2ac5,c607fd6cfbbe3ceabd8bf6b0cc94469263b44543a23821e580226d28aa580aa5,POST_ROUTE_GATE_ACTIVITY_ZERO_DELAY_ROUTED_NETLIST,99.302421,72,16,256,2.561e-06,0.00047722458839400024,0.0007690956699662,3.65201913159999e-09,0.0012463240418589998,1.246810887187851e-11,E5_LOGIC_ACTIVITY_QUALIFIED_MACRO_ENERGY_INCOMPLETE,8cf245ac6ac8cb9b010c073d439f04eb204d48a1
secded_clk10p0ns_seed19_read_double_bit_error_detect,Conventional SECDED,19,detection,10.0,SKY130 HD / nom_tt_025C_1v80,True,0.310099,True,aa9cb9420a51b5f7405be33c6f8d8ee4a48ec743fe4d0099eb2b9b864bcec02b,a647772d313fd05e667a57ec3d52da7059bdd46c2b2574f5297cb4e525e838c7,cf09cff275b8d241d858d03e2935b19ac8092be96ecb06553b48c7f4a716c136,1dd860491841e57c902c3753876aafaf64ebec205be48ee7ad8cf698ec1ff96e,c607fd6cfbbe3ceabd8bf6b0cc94469263b44543a23821e580226d28aa580aa5,POST_ROUTE_GATE_ACTIVITY_ZERO_DELAY_ROUTED_NETLIST,99.302421,72,16,256,2.561e-06,0.0005088620819150001,0.0008223615004681,3.646107415999926e-09,0.001331227365882,1.3317473765717977e-11,E5_LOGIC_ACTIVITY_QUALIFIED_MACRO_ENERGY_INCOMPLETE,8cf245ac6ac8cb9b010c073d439f04eb204d48a1
secded_clk10p0ns_seed19_read_single_bit_error_correct,Conventional SECDED,19,correction,10.0,SKY130 HD / nom_tt_025C_1v80,True,0.310099,True,aa9cb9420a51b5f7405be33c6f8d8ee4a48ec743fe4d0099eb2b9b864bcec02b,a647772d313fd05e667a57ec3d52da7059bdd46c2b2574f5297cb4e525e838c7,7ebf9f057b9790427f706dfe917d66e0779aa7d0944a5fdf76a7f0ac4def4a8d,16f6782a83b4fc8863b88bfb8b0dc3054644981e0d9b60cfc421fe0c0b21d5ac,c607fd6cfbbe3ceabd8bf6b0cc94469263b44543a23821e580226d28aa580aa5,POST_ROUTE_GATE_ACTIVITY_ZERO_DELAY_ROUTED_NETLIST,99.302421,72,16,256,2.561e-06,0.0005058983806520002,0.0008246241486631,3.6370693123999985e-09,0.0013305263128130002,1.3310460496539428e-11,E5_LOGIC_ACTIVITY_QUALIFIED_MACRO_ENERGY_INCOMPLETE,8cf245ac6ac8cb9b010c073d439f04eb204d48a1
secded_clk10p0ns_seed19_write_clean,Conventional SECDED,19,clean_write,10.0,SKY130 HD / nom_tt_025C_1v80,True,0.310099,True,aa9cb9420a51b5f7405be33c6f8d8ee4a48ec743fe4d0099eb2b9b864bcec02b,a647772d313fd05e667a57ec3d52da7059bdd46c2b2574f5297cb4e525e838c7,2f0e677d4d5bc40d6cca60ae104d20c427bed32254a2d1c90c39e554642e0bb2,ce6c3a5fa82cc67705a8ca11f33e86d1daa5f47bf2beeb00e330f54f145b751b,c607fd6cfbbe3ceabd8bf6b0cc94469263b44543a23821e580226d28aa580aa5,POST_ROUTE_GATE_ACTIVITY_ZERO_DELAY_ROUTED_NETLIST,99.302421,72,16,256,2.561e-06,0.00035244028549610005,0.0007741555455141,3.5039988687999425e-09,0.0011265992070547,1.1270392848699558e-11,E5_LOGIC_ACTIVITY_QUALIFIED_MACRO_ENERGY_INCOMPLETE,8cf245ac6ac8cb9b010c073d439f04eb204d48a1
secded_clk10p0ns_seed23_idle,Conventional SECDED,23,idle,10.0,SKY130 HD / nom_tt_025C_1v80,True,0.433814,True,2272580075a2c6bc13b59850a42ab04347828bf64385590d1a62061a539bdd3b,040acb5fa63e2aab459fc60f8710d4f9f9bd2a9b6a58ef1b7eec68af73713d6a,b4742bdf471114f431724a87de78c80c1de96b67ff62e0d758bfb2300169b80f,cb2259d7abf5f335e348140b509530ea53a012d5dfb3fcde8064bd3ca791c324,6eeb5c8ad42768652406b10b05eeaa1b417b1fc83bc1a6b7e8ee50b318dd16cb,POST_ROUTE_GATE_ACTIVITY_ZERO_DELAY_ROUTED_NETLIST,99.298390,72,16,256,2.561e-06,8.069240720939993e-05,0.0002522707509343,3.6298501982000172e-09,0.0003329667379148,3.3309680304679797e-12,E5_LOGIC_ACTIVITY_QUALIFIED_MACRO_ENERGY_INCOMPLETE,8cf245ac6ac8cb9b010c073d439f04eb204d48a1
secded_clk10p0ns_seed23_read_clean,Conventional SECDED,23,clean_read,10.0,SKY130 HD / nom_tt_025C_1v80,True,0.433814,True,2272580075a2c6bc13b59850a42ab04347828bf64385590d1a62061a539bdd3b,040acb5fa63e2aab459fc60f8710d4f9f9bd2a9b6a58ef1b7eec68af73713d6a,0743864f3351b871cfe1056a65c607fc40ad3088aa086102129ed53b70282bae,c2d3cf4e1b8920f577e0e5c6dd156d267a8e7aa7f850e48061456a224fbd2ac5,6eeb5c8ad42768652406b10b05eeaa1b417b1fc83bc1a6b7e8ee50b318dd16cb,POST_ROUTE_GATE_ACTIVITY_ZERO_DELAY_ROUTED_NETLIST,99.298390,72,16,256,2.561e-06,0.000477439723908,0.0007734025130048,3.6212099984999284e-09,0.001250845845789,1.2513344574475115e-11,E5_LOGIC_ACTIVITY_QUALIFIED_MACRO_ENERGY_INCOMPLETE,8cf245ac6ac8cb9b010c073d439f04eb204d48a1
secded_clk10p0ns_seed23_read_double_bit_error_detect,Conventional SECDED,23,detection,10.0,SKY130 HD / nom_tt_025C_1v80,True,0.433814,True,2272580075a2c6bc13b59850a42ab04347828bf64385590d1a62061a539bdd3b,040acb5fa63e2aab459fc60f8710d4f9f9bd2a9b6a58ef1b7eec68af73713d6a,4def7944aa907f1bc1b562b4398366243548004576720c6ff916b9570224a295,1dd860491841e57c902c3753876aafaf64ebec205be48ee7ad8cf698ec1ff96e,6eeb5c8ad42768652406b10b05eeaa1b417b1fc83bc1a6b7e8ee50b318dd16cb,POST_ROUTE_GATE_ACTIVITY_ZERO_DELAY_ROUTED_NETLIST,99.298390,72,16,256,2.561e-06,0.0005079854745410001,0.0008372944430448,3.616548838199929e-09,0.00134528358467,1.3458090860702618e-11,E5_LOGIC_ACTIVITY_QUALIFIED_MACRO_ENERGY_INCOMPLETE,8cf245ac6ac8cb9b010c073d439f04eb204d48a1
secded_clk10p0ns_seed23_read_single_bit_error_correct,Conventional SECDED,23,correction,10.0,SKY130 HD / nom_tt_025C_1v80,True,0.433814,True,2272580075a2c6bc13b59850a42ab04347828bf64385590d1a62061a539bdd3b,040acb5fa63e2aab459fc60f8710d4f9f9bd2a9b6a58ef1b7eec68af73713d6a,271eb2eb878107f94cb18ef1ff5004de3e7de58f585b239406741e3d00489982,16f6782a83b4fc8863b88bfb8b0dc3054644981e0d9b60cfc421fe0c0b21d5ac,6eeb5c8ad42768652406b10b05eeaa1b417b1fc83bc1a6b7e8ee50b318dd16cb,POST_ROUTE_GATE_ACTIVITY_ZERO_DELAY_ROUTED_NETLIST,99.298390,72,16,256,2.561e-06,0.0005067232996220001,0.0008405474945903,3.605009624199984e-09,0.001347274519503,1.347800798612181e-11,E5_LOGIC_ACTIVITY_QUALIFIED_MACRO_ENERGY_INCOMPLETE,8cf245ac6ac8cb9b010c073d439f04eb204d48a1
secded_clk10p0ns_seed23_write_clean,Conventional SECDED,23,clean_write,10.0,SKY130 HD / nom_tt_025C_1v80,True,0.433814,True,2272580075a2c6bc13b59850a42ab04347828bf64385590d1a62061a539bdd3b,040acb5fa63e2aab459fc60f8710d4f9f9bd2a9b6a58ef1b7eec68af73713d6a,95408b13d52ff58a23d3e778314981ef4e7a99846795338970689651c3127b0c,ce6c3a5fa82cc67705a8ca11f33e86d1daa5f47bf2beeb00e330f54f145b751b,6eeb5c8ad42768652406b10b05eeaa1b417b1fc83bc1a6b7e8ee50b318dd16cb,POST_ROUTE_GATE_ACTIVITY_ZERO_DELAY_ROUTED_NETLIST,99.298390,72,16,256,2.561e-06,0.00035276648122810003,0.0007702137809247,3.4540335036999605e-09,0.0011229835799897,1.1234222454506335e-11,E5_LOGIC_ACTIVITY_QUALIFIED_MACRO_ENERGY_INCOMPLETE,8cf245ac6ac8cb9b010c073d439f04eb204d48a1
