raw_log_id,path,size_bytes,sha256
orfs-gcd-smoke,raw_logs/orfs-gcd-smoke.log,95,ec20c1e51c53200da39d5da96a7802df46c0418bb00bd3a05bd4dc2992c67532
rtl-bch-iverilog-compile,raw_logs/rtl-bch-iverilog-compile.log,380,8959d43bd6c26b005f5a26f1579dafd268a943052a326f07dc35a65468c30b9a
rtl-bch-verilator-build,raw_logs/rtl-bch-verilator-build.log,57285,0763c4721106e3d6461d95c51f4266ff17a5edc44d63f4b0ac240f4aad4e1b8d
rtl-bch-verilator-simulation,raw_logs/rtl-bch-verilator-simulation.log,225,45de5aba36399c86879c95ee88015585b26958baf615113361ac225df0b5f782
rtl-bch-vvp-simulation,raw_logs/rtl-bch-vvp-simulation.log,215,fb0fa8204dd737be5211f5eaa177c0ef99d2e73bde370f0fe49800b9a93ade12
rtl-secded-iverilog-compile,raw_logs/rtl-secded-iverilog-compile.log,478,8c6be0bcb14644dd1b598f36f2689d39353b206cf8dbfa3dabc6bc2bb6beff86
rtl-secded-verilator-build,raw_logs/rtl-secded-verilator-build.log,10645,e9345cffeace106e769c2e2b076fb382f7c16ecea69dbfdb8f9b222881712097
rtl-secded-verilator-simulation,raw_logs/rtl-secded-verilator-simulation.log,254,3306fb3be1c7b72de1c471693945960768ce445eaadefe92256acc0dee3c2662
rtl-secded-vvp-simulation,raw_logs/rtl-secded-vvp-simulation.log,141,0dbe303701d095d30972c44aa6389c203a45e8568fff90c0f48bc84ece2af597
bch_78_64_t2_v1_decoder,baseline/generic_synthesis/bch_78_64_t2_v1_decoder.log,3821366,9953963baa9ba730a24615fb24b3364e671624ce6ebae5def8fa4e8fca4898c4
bch_78_64_t2_v1_encoder,baseline/generic_synthesis/bch_78_64_t2_v1_encoder.log,72779,fc444ca5e156221b718afb0d71c06bf40e88936f56800e9339fe6552e20c703f
gate03r_secded_baseline_combined,baseline/generic_synthesis/gate03r_secded_baseline_combined.log,141941,2cc0f699fe044647416be157472bb35467b845072fb98e81fff763fb53256b68
gate03r_secded_baseline_decoder,baseline/generic_synthesis/gate03r_secded_baseline_decoder.log,138284,56a808a66ddca143491d6db4487dd0222dc68d6814710cbcdb8a3ffdc42e7d42
gate03r_secded_baseline_encoder,baseline/generic_synthesis/gate03r_secded_baseline_encoder.log,24941,208d3ed876a5ad9b72bb5b5ebfe8d7a75b192efec89060539064d9e9f93b41c9
gate03r_secded_pipelined_combined,baseline/generic_synthesis/gate03r_secded_pipelined_combined.log,190877,1df1df210b7ddea028d4b2b166c37bd4f45a59a8389d313337c435d197859066
secded_pipelined_72_64_v1_decoder,baseline/generic_synthesis/secded_pipelined_72_64_v1_decoder.log,164727,a7af88f90dfffe117719e41a8d71bb0c2afdd6b6ef7d88299a9e7989228c84ce
secded_pipelined_72_64_v1_encoder,baseline/generic_synthesis/secded_pipelined_72_64_v1_encoder.log,47401,d4fdf5fe9cac85773d94c4d6b0a2cd790f9a6220c4fa8fc34143801f95a1b497
regression-gate03r_focused_tests,baseline/regression/gate03r_focused_tests.log,269,f7cdc26b21efca37c7ab6874b642512989ca3b001cac406764eeb96c499d200a
regression-gate03r_validator,baseline/regression/gate03r_validator.log,214,903421039c73a110e4221b72ac5b48d6f89a358fe570e94c703b3a6a28c42b02
regression-git_diff_cached_check,baseline/regression/git_diff_cached_check.log,136,69343e0701b8a671acb0c943d01996b5a886b1a33f040c04003ca9b655307504
regression-git_diff_check,baseline/regression/git_diff_check.log,257,bebd8d6ed2cfc9b4df1669a1e7b3b2ca7bf1e0c0353c47f50c4410cd04a85b5a
regression-make,baseline/regression/make.log,484,b3850c27a15c8ef08e301c99bc79d5b98e8567033ff0e777bc5eac54bff5982e
regression-make_test,baseline/regression/make_test.log,2039,de486df9eb3e5b09da6b777e515ac1fadaa0d84947862a543488a7317c058e60
regression-python3_pytest_q,baseline/regression/python3_pytest_q.log,643,9b685645522d219cf2de6559fc4a7b3e5403260763d5b488056647441a7591a7
