trace_id,epoch_index,epoch_id,design_id,architecture_mode,topology,granularity,ecc_id,epoch_objective,transition_objective,fit,latency_ns,feasibility_probability,reason
stationary_sbu,0,e000,fixed-secded,fixed,fixed,whole_memory,sec-ded-64,0.008150000000000001,0.0,80.0,1.0,1.0,single mode retained for complete trace
stationary_sbu,1,e001,fixed-secded,fixed,fixed,whole_memory,sec-ded-64,0.008150000000000001,0.0,80.0,1.0,1.0,single mode retained for complete trace
stationary_sbu,2,e002,fixed-secded,fixed,fixed,whole_memory,sec-ded-64,0.008150000000000001,0.0,80.0,1.0,1.0,single mode retained for complete trace
stationary_sbu,3,e003,fixed-secded,fixed,fixed,whole_memory,sec-ded-64,0.008150000000000001,0.0,80.0,1.0,1.0,single mode retained for complete trace
stationary_sbu,4,e004,fixed-secded,fixed,fixed,whole_memory,sec-ded-64,0.008150000000000001,0.0,80.0,1.0,1.0,single mode retained for complete trace
stationary_sbu,5,e005,fixed-secded,fixed,fixed,whole_memory,sec-ded-64,0.008150000000000001,0.0,80.0,1.0,1.0,single mode retained for complete trace
stationary_sbu,6,e006,fixed-secded,fixed,fixed,whole_memory,sec-ded-64,0.008150000000000001,0.0,80.0,1.0,1.0,single mode retained for complete trace
stationary_sbu,7,e007,fixed-secded,fixed,fixed,whole_memory,sec-ded-64,0.008150000000000001,0.0,80.0,1.0,1.0,single mode retained for complete trace
stationary_sbu,8,e008,fixed-secded,fixed,fixed,whole_memory,sec-ded-64,0.008150000000000001,0.0,80.0,1.0,1.0,single mode retained for complete trace
stationary_sbu,9,e009,fixed-secded,fixed,fixed,whole_memory,sec-ded-64,0.008150000000000001,0.0,80.0,1.0,1.0,single mode retained for complete trace
stationary_sbu,10,e010,fixed-secded,fixed,fixed,whole_memory,sec-ded-64,0.008150000000000001,0.0,80.0,1.0,1.0,single mode retained for complete trace
stationary_sbu,11,e011,fixed-secded,fixed,fixed,whole_memory,sec-ded-64,0.008150000000000001,0.0,80.0,1.0,1.0,single mode retained for complete trace
stationary_mbu,0,e000,fixed-taec,fixed,fixed,whole_memory,taec-64,0.00953,0.0,80.0,1.3,1.0,single mode retained for complete trace
stationary_mbu,1,e001,fixed-taec,fixed,fixed,whole_memory,taec-64,0.00953,0.0,80.0,1.3,1.0,single mode retained for complete trace
stationary_mbu,2,e002,fixed-taec,fixed,fixed,whole_memory,taec-64,0.00953,0.0,80.0,1.3,1.0,single mode retained for complete trace
stationary_mbu,3,e003,fixed-taec,fixed,fixed,whole_memory,taec-64,0.00953,0.0,80.0,1.3,1.0,single mode retained for complete trace
stationary_mbu,4,e004,fixed-taec,fixed,fixed,whole_memory,taec-64,0.00953,0.0,80.0,1.3,1.0,single mode retained for complete trace
stationary_mbu,5,e005,fixed-taec,fixed,fixed,whole_memory,taec-64,0.00953,0.0,80.0,1.3,1.0,single mode retained for complete trace
stationary_mbu,6,e006,fixed-taec,fixed,fixed,whole_memory,taec-64,0.00953,0.0,80.0,1.3,1.0,single mode retained for complete trace
stationary_mbu,7,e007,fixed-taec,fixed,fixed,whole_memory,taec-64,0.00953,0.0,80.0,1.3,1.0,single mode retained for complete trace
stationary_mbu,8,e008,fixed-taec,fixed,fixed,whole_memory,taec-64,0.00953,0.0,80.0,1.3,1.0,single mode retained for complete trace
stationary_mbu,9,e009,fixed-taec,fixed,fixed,whole_memory,taec-64,0.00953,0.0,80.0,1.3,1.0,single mode retained for complete trace
stationary_mbu,10,e010,fixed-taec,fixed,fixed,whole_memory,taec-64,0.00953,0.0,80.0,1.3,1.0,single mode retained for complete trace
stationary_mbu,11,e011,fixed-taec,fixed,fixed,whole_memory,taec-64,0.00953,0.0,80.0,1.3,1.0,single mode retained for complete trace
one_time_sbu_to_mbu,0,e000,adaptive-shared-whole,adaptive,shared_reconfigurable,whole_memory,sec-ded-64,0.08376,0.0,80.0,1.0,1.0,policy decision
one_time_sbu_to_mbu,1,e001,adaptive-shared-whole,adaptive,shared_reconfigurable,whole_memory,sec-ded-64,0.08376,0.0,80.0,1.0,1.0,policy decision
one_time_sbu_to_mbu,2,e002,adaptive-shared-whole,adaptive,shared_reconfigurable,whole_memory,sec-ded-64,0.08376,0.0,80.0,1.0,1.0,policy decision
one_time_sbu_to_mbu,3,e003,adaptive-shared-whole,adaptive,shared_reconfigurable,whole_memory,sec-ded-64,0.08376,0.0,80.0,1.0,1.0,policy decision
one_time_sbu_to_mbu,4,e004,adaptive-shared-whole,adaptive,shared_reconfigurable,whole_memory,sec-ded-64,0.08376,0.0,80.0,1.0,1.0,policy decision
one_time_sbu_to_mbu,5,e005,adaptive-shared-whole,adaptive,shared_reconfigurable,whole_memory,sec-ded-64,0.08376,0.0,80.0,1.0,1.0,policy decision
one_time_sbu_to_mbu,6,e006,adaptive-shared-whole,adaptive,shared_reconfigurable,whole_memory,taec-64,0.09684,0.012682912,80.0,1.3,1.0,policy decision
one_time_sbu_to_mbu,7,e007,adaptive-shared-whole,adaptive,shared_reconfigurable,whole_memory,taec-64,0.09684,0.0,80.0,1.3,1.0,policy decision
one_time_sbu_to_mbu,8,e008,adaptive-shared-whole,adaptive,shared_reconfigurable,whole_memory,taec-64,0.09684,0.0,80.0,1.3,1.0,policy decision
one_time_sbu_to_mbu,9,e009,adaptive-shared-whole,adaptive,shared_reconfigurable,whole_memory,taec-64,0.09684,0.0,80.0,1.3,1.0,policy decision
one_time_sbu_to_mbu,10,e010,adaptive-shared-whole,adaptive,shared_reconfigurable,whole_memory,taec-64,0.09684,0.0,80.0,1.3,1.0,policy decision
one_time_sbu_to_mbu,11,e011,adaptive-shared-whole,adaptive,shared_reconfigurable,whole_memory,taec-64,0.09684,0.0,80.0,1.3,1.0,policy decision
periodic_fault_transitions,0,e000,fixed-secdaec,fixed,fixed,whole_memory,sec-daec-64,0.00949,0.0,55.0,1.15,1.0,single mode retained for complete trace
periodic_fault_transitions,1,e001,fixed-secdaec,fixed,fixed,whole_memory,sec-daec-64,0.00949,0.0,55.0,1.15,1.0,single mode retained for complete trace
periodic_fault_transitions,2,e002,fixed-secdaec,fixed,fixed,whole_memory,sec-daec-64,0.01099,0.0,120.0,1.15,1.0,single mode retained for complete trace
periodic_fault_transitions,3,e003,fixed-secdaec,fixed,fixed,whole_memory,sec-daec-64,0.01099,0.0,120.0,1.15,1.0,single mode retained for complete trace
periodic_fault_transitions,4,e004,fixed-secdaec,fixed,fixed,whole_memory,sec-daec-64,0.00949,0.0,55.0,1.15,1.0,single mode retained for complete trace
periodic_fault_transitions,5,e005,fixed-secdaec,fixed,fixed,whole_memory,sec-daec-64,0.00949,0.0,55.0,1.15,1.0,single mode retained for complete trace
periodic_fault_transitions,6,e006,fixed-secdaec,fixed,fixed,whole_memory,sec-daec-64,0.01099,0.0,120.0,1.15,1.0,single mode retained for complete trace
periodic_fault_transitions,7,e007,fixed-secdaec,fixed,fixed,whole_memory,sec-daec-64,0.01099,0.0,120.0,1.15,1.0,single mode retained for complete trace
periodic_fault_transitions,8,e008,fixed-secdaec,fixed,fixed,whole_memory,sec-daec-64,0.00949,0.0,55.0,1.15,1.0,single mode retained for complete trace
periodic_fault_transitions,9,e009,fixed-secdaec,fixed,fixed,whole_memory,sec-daec-64,0.00949,0.0,55.0,1.15,1.0,single mode retained for complete trace
periodic_fault_transitions,10,e010,fixed-secdaec,fixed,fixed,whole_memory,sec-daec-64,0.01099,0.0,120.0,1.15,1.0,single mode retained for complete trace
periodic_fault_transitions,11,e011,fixed-secdaec,fixed,fixed,whole_memory,sec-daec-64,0.01099,0.0,120.0,1.15,1.0,single mode retained for complete trace
periodic_fault_transitions,12,e012,fixed-secdaec,fixed,fixed,whole_memory,sec-daec-64,0.00949,0.0,55.0,1.15,1.0,single mode retained for complete trace
periodic_fault_transitions,13,e013,fixed-secdaec,fixed,fixed,whole_memory,sec-daec-64,0.00949,0.0,55.0,1.15,1.0,single mode retained for complete trace
periodic_fault_transitions,14,e014,fixed-secdaec,fixed,fixed,whole_memory,sec-daec-64,0.01099,0.0,120.0,1.15,1.0,single mode retained for complete trace
periodic_fault_transitions,15,e015,fixed-secdaec,fixed,fixed,whole_memory,sec-daec-64,0.01099,0.0,120.0,1.15,1.0,single mode retained for complete trace
short_noisy_fluctuations,0,e000,fixed-secded,fixed,fixed,whole_memory,sec-ded-64,0.00338,0.0,80.0,1.0,1.0,single mode retained for complete trace
short_noisy_fluctuations,1,e001,fixed-secded,fixed,fixed,whole_memory,sec-ded-64,0.0054399999999999995,0.0,200.0,1.0,1.0,single mode retained for complete trace
short_noisy_fluctuations,2,e002,fixed-secded,fixed,fixed,whole_memory,sec-ded-64,0.00338,0.0,80.0,1.0,1.0,single mode retained for complete trace
short_noisy_fluctuations,3,e003,fixed-secded,fixed,fixed,whole_memory,sec-ded-64,0.00338,0.0,80.0,1.0,1.0,single mode retained for complete trace
short_noisy_fluctuations,4,e004,fixed-secded,fixed,fixed,whole_memory,sec-ded-64,0.0054399999999999995,0.0,200.0,1.0,1.0,single mode retained for complete trace
short_noisy_fluctuations,5,e005,fixed-secded,fixed,fixed,whole_memory,sec-ded-64,0.00338,0.0,80.0,1.0,1.0,single mode retained for complete trace
short_noisy_fluctuations,6,e006,fixed-secded,fixed,fixed,whole_memory,sec-ded-64,0.00338,0.0,80.0,1.0,1.0,single mode retained for complete trace
short_noisy_fluctuations,7,e007,fixed-secded,fixed,fixed,whole_memory,sec-ded-64,0.0054399999999999995,0.0,200.0,1.0,1.0,single mode retained for complete trace
short_noisy_fluctuations,8,e008,fixed-secded,fixed,fixed,whole_memory,sec-ded-64,0.00338,0.0,80.0,1.0,1.0,single mode retained for complete trace
short_noisy_fluctuations,9,e009,fixed-secded,fixed,fixed,whole_memory,sec-ded-64,0.00338,0.0,80.0,1.0,1.0,single mode retained for complete trace
short_noisy_fluctuations,10,e010,fixed-secded,fixed,fixed,whole_memory,sec-ded-64,0.0054399999999999995,0.0,200.0,1.0,1.0,single mode retained for complete trace
short_noisy_fluctuations,11,e011,fixed-secded,fixed,fixed,whole_memory,sec-ded-64,0.00338,0.0,80.0,1.0,1.0,single mode retained for complete trace
short_noisy_fluctuations,12,e012,fixed-secded,fixed,fixed,whole_memory,sec-ded-64,0.00338,0.0,80.0,1.0,1.0,single mode retained for complete trace
short_noisy_fluctuations,13,e013,fixed-secded,fixed,fixed,whole_memory,sec-ded-64,0.0054399999999999995,0.0,200.0,1.0,1.0,single mode retained for complete trace
short_noisy_fluctuations,14,e014,fixed-secded,fixed,fixed,whole_memory,sec-ded-64,0.00338,0.0,80.0,1.0,1.0,single mode retained for complete trace
short_noisy_fluctuations,15,e015,fixed-secded,fixed,fixed,whole_memory,sec-ded-64,0.00338,0.0,80.0,1.0,1.0,single mode retained for complete trace
temperature_vdd_phases,0,e000,fixed-secded,fixed,fixed,whole_memory,sec-ded-64,0.0161,0.0,80.0,1.0,1.0,single mode retained for complete trace
temperature_vdd_phases,1,e001,fixed-secded,fixed,fixed,whole_memory,sec-ded-64,0.0161,0.0,80.0,1.0,1.0,single mode retained for complete trace
temperature_vdd_phases,2,e002,fixed-secded,fixed,fixed,whole_memory,sec-ded-64,0.0161,0.0,80.0,1.0,1.0,single mode retained for complete trace
temperature_vdd_phases,3,e003,fixed-secded,fixed,fixed,whole_memory,sec-ded-64,0.0161,0.0,80.0,1.0,1.0,single mode retained for complete trace
temperature_vdd_phases,4,e004,fixed-secded,fixed,fixed,whole_memory,sec-ded-64,0.0161,0.0,80.0,1.0,1.0,single mode retained for complete trace
temperature_vdd_phases,5,e005,fixed-secded,fixed,fixed,whole_memory,sec-ded-64,0.0161,0.0,80.0,1.0,1.0,single mode retained for complete trace
temperature_vdd_phases,6,e006,fixed-secded,fixed,fixed,whole_memory,sec-ded-64,0.012860375000000002,0.0,155.3168579177202,1.1428571428571428,1.0,single mode retained for complete trace
temperature_vdd_phases,7,e007,fixed-secded,fixed,fixed,whole_memory,sec-ded-64,0.012860375000000002,0.0,155.3168579177202,1.1428571428571428,1.0,single mode retained for complete trace
temperature_vdd_phases,8,e008,fixed-secded,fixed,fixed,whole_memory,sec-ded-64,0.012860375000000002,0.0,155.3168579177202,1.1428571428571428,1.0,single mode retained for complete trace
temperature_vdd_phases,9,e009,fixed-secded,fixed,fixed,whole_memory,sec-ded-64,0.012860375000000002,0.0,155.3168579177202,1.1428571428571428,1.0,single mode retained for complete trace
temperature_vdd_phases,10,e010,fixed-secded,fixed,fixed,whole_memory,sec-ded-64,0.012860375000000002,0.0,155.3168579177202,1.1428571428571428,1.0,single mode retained for complete trace
temperature_vdd_phases,11,e011,fixed-secded,fixed,fixed,whole_memory,sec-ded-64,0.012860375000000002,0.0,155.3168579177202,1.1428571428571428,1.0,single mode retained for complete trace
changing_read_write_intensity,0,e000,fixed-secded,fixed,fixed,whole_memory,sec-ded-64,0.015500000000000002,0.0,80.0,1.0,1.0,single mode retained for complete trace
changing_read_write_intensity,1,e001,fixed-secded,fixed,fixed,whole_memory,sec-ded-64,0.015500000000000002,0.0,80.0,1.0,1.0,single mode retained for complete trace
changing_read_write_intensity,2,e002,fixed-secded,fixed,fixed,whole_memory,sec-ded-64,0.015500000000000002,0.0,80.0,1.0,1.0,single mode retained for complete trace
changing_read_write_intensity,3,e003,fixed-secded,fixed,fixed,whole_memory,sec-ded-64,0.015500000000000002,0.0,80.0,1.0,1.0,single mode retained for complete trace
changing_read_write_intensity,4,e004,fixed-secded,fixed,fixed,whole_memory,sec-ded-64,0.015500000000000002,0.0,80.0,1.0,1.0,single mode retained for complete trace
changing_read_write_intensity,5,e005,fixed-secded,fixed,fixed,whole_memory,sec-ded-64,0.015500000000000002,0.0,80.0,1.0,1.0,single mode retained for complete trace
changing_read_write_intensity,6,e006,fixed-secded,fixed,fixed,whole_memory,sec-ded-64,0.017599999999999998,0.0,80.0,1.0,1.0,single mode retained for complete trace
changing_read_write_intensity,7,e007,fixed-secded,fixed,fixed,whole_memory,sec-ded-64,0.017599999999999998,0.0,80.0,1.0,1.0,single mode retained for complete trace
changing_read_write_intensity,8,e008,fixed-secded,fixed,fixed,whole_memory,sec-ded-64,0.017599999999999998,0.0,80.0,1.0,1.0,single mode retained for complete trace
changing_read_write_intensity,9,e009,fixed-secded,fixed,fixed,whole_memory,sec-ded-64,0.017599999999999998,0.0,80.0,1.0,1.0,single mode retained for complete trace
changing_read_write_intensity,10,e010,fixed-secded,fixed,fixed,whole_memory,sec-ded-64,0.017599999999999998,0.0,80.0,1.0,1.0,single mode retained for complete trace
changing_read_write_intensity,11,e011,fixed-secded,fixed,fixed,whole_memory,sec-ded-64,0.017599999999999998,0.0,80.0,1.0,1.0,single mode retained for complete trace
grid_carbon_transition,0,e000,fixed-secded,fixed,fixed,whole_memory,sec-ded-64,0.07970000000000001,0.0,80.0,1.0,1.0,single mode retained for complete trace
grid_carbon_transition,1,e001,fixed-secded,fixed,fixed,whole_memory,sec-ded-64,0.07970000000000001,0.0,80.0,1.0,1.0,single mode retained for complete trace
grid_carbon_transition,2,e002,fixed-secded,fixed,fixed,whole_memory,sec-ded-64,0.07970000000000001,0.0,80.0,1.0,1.0,single mode retained for complete trace
grid_carbon_transition,3,e003,fixed-secded,fixed,fixed,whole_memory,sec-ded-64,0.07970000000000001,0.0,80.0,1.0,1.0,single mode retained for complete trace
grid_carbon_transition,4,e004,fixed-secded,fixed,fixed,whole_memory,sec-ded-64,0.07970000000000001,0.0,80.0,1.0,1.0,single mode retained for complete trace
grid_carbon_transition,5,e005,fixed-secded,fixed,fixed,whole_memory,sec-ded-64,0.07970000000000001,0.0,80.0,1.0,1.0,single mode retained for complete trace
grid_carbon_transition,6,e006,fixed-secded,fixed,fixed,whole_memory,sec-ded-64,0.07970000000000001,0.0,80.0,1.0,1.0,single mode retained for complete trace
grid_carbon_transition,7,e007,fixed-secded,fixed,fixed,whole_memory,sec-ded-64,0.07970000000000001,0.0,80.0,1.0,1.0,single mode retained for complete trace
grid_carbon_transition,8,e008,fixed-secded,fixed,fixed,whole_memory,sec-ded-64,0.07970000000000001,0.0,80.0,1.0,1.0,single mode retained for complete trace
grid_carbon_transition,9,e009,fixed-secded,fixed,fixed,whole_memory,sec-ded-64,0.07970000000000001,0.0,80.0,1.0,1.0,single mode retained for complete trace
grid_carbon_transition,10,e010,fixed-secded,fixed,fixed,whole_memory,sec-ded-64,0.07970000000000001,0.0,80.0,1.0,1.0,single mode retained for complete trace
grid_carbon_transition,11,e011,fixed-secded,fixed,fixed,whole_memory,sec-ded-64,0.07970000000000001,0.0,80.0,1.0,1.0,single mode retained for complete trace
combined_changes,0,e000,adaptive-shared-whole,adaptive,shared_reconfigurable,whole_memory,sec-ded-64,0.040510000000000004,0.0,80.0,1.0,1.0,policy decision
combined_changes,1,e001,adaptive-shared-whole,adaptive,shared_reconfigurable,whole_memory,sec-ded-64,0.040510000000000004,0.0,80.0,1.0,1.0,policy decision
combined_changes,2,e002,adaptive-shared-whole,adaptive,shared_reconfigurable,whole_memory,sec-ded-64,0.040510000000000004,0.0,80.0,1.0,1.0,policy decision
combined_changes,3,e003,adaptive-shared-whole,adaptive,shared_reconfigurable,whole_memory,sec-ded-64,0.040510000000000004,0.0,80.0,1.0,1.0,policy decision
combined_changes,4,e004,adaptive-shared-whole,adaptive,shared_reconfigurable,whole_memory,taec-64,0.04709,0.012682912,80.0,1.3,1.0,policy decision
combined_changes,5,e005,adaptive-shared-whole,adaptive,shared_reconfigurable,whole_memory,taec-64,0.04709,0.0,80.0,1.3,1.0,policy decision
combined_changes,6,e006,adaptive-shared-whole,adaptive,shared_reconfigurable,whole_memory,taec-64,0.04709,0.0,80.0,1.3,1.0,policy decision
combined_changes,7,e007,adaptive-shared-whole,adaptive,shared_reconfigurable,whole_memory,taec-64,0.04709,0.0,80.0,1.3,1.0,policy decision
combined_changes,8,e008,adaptive-shared-whole,adaptive,shared_reconfigurable,whole_memory,sec-ded-64,0.036896875,0.008488608,155.3168579177202,1.1428571428571428,1.0,policy decision
combined_changes,9,e009,adaptive-shared-whole,adaptive,shared_reconfigurable,whole_memory,sec-ded-64,0.036896875,0.0,155.3168579177202,1.1428571428571428,1.0,policy decision
combined_changes,10,e010,adaptive-shared-whole,adaptive,shared_reconfigurable,whole_memory,sec-ded-64,0.036896875,0.0,155.3168579177202,1.1428571428571428,1.0,policy decision
combined_changes,11,e011,adaptive-shared-whole,adaptive,shared_reconfigurable,whole_memory,sec-ded-64,0.036896875,0.0,155.3168579177202,1.1428571428571428,1.0,policy decision
combined_changes,12,e012,adaptive-shared-whole,adaptive,shared_reconfigurable,whole_memory,taec-64,0.041769687500000006,0.012682912,135.91840165970595,1.4857142857142858,1.0,policy decision
combined_changes,13,e013,adaptive-shared-whole,adaptive,shared_reconfigurable,whole_memory,taec-64,0.041769687500000006,0.0,135.91840165970595,1.4857142857142858,1.0,policy decision
combined_changes,14,e014,adaptive-shared-whole,adaptive,shared_reconfigurable,whole_memory,taec-64,0.041769687500000006,0.0,135.91840165970595,1.4857142857142858,1.0,policy decision
combined_changes,15,e015,adaptive-shared-whole,adaptive,shared_reconfigurable,whole_memory,taec-64,0.041769687500000006,0.0,135.91840165970595,1.4857142857142858,1.0,policy decision
uncertain_transitions,0,e000,fixed-secdaec,fixed,fixed,whole_memory,sec-daec-64,0.01874,0.0,55.0,1.15,1.0,single mode retained for complete trace
uncertain_transitions,1,e001,fixed-secdaec,fixed,fixed,whole_memory,sec-daec-64,0.01874,0.0,55.0,1.15,1.0,single mode retained for complete trace
uncertain_transitions,2,e002,fixed-secdaec,fixed,fixed,whole_memory,sec-daec-64,0.01874,0.0,55.0,1.15,1.0,single mode retained for complete trace
uncertain_transitions,3,e003,fixed-secdaec,fixed,fixed,whole_memory,sec-daec-64,0.01874,0.0,55.0,1.15,1.0,single mode retained for complete trace
uncertain_transitions,4,e004,fixed-secdaec,fixed,fixed,whole_memory,sec-daec-64,0.02174,0.0,120.0,1.15,1.0,single mode retained for complete trace
uncertain_transitions,5,e005,fixed-secdaec,fixed,fixed,whole_memory,sec-daec-64,0.02174,0.0,120.0,1.15,1.0,single mode retained for complete trace
uncertain_transitions,6,e006,fixed-secdaec,fixed,fixed,whole_memory,sec-daec-64,0.01874,0.0,55.0,1.15,1.0,single mode retained for complete trace
uncertain_transitions,7,e007,fixed-secdaec,fixed,fixed,whole_memory,sec-daec-64,0.02174,0.0,120.0,1.15,1.0,single mode retained for complete trace
uncertain_transitions,8,e008,fixed-secdaec,fixed,fixed,whole_memory,sec-daec-64,0.01874,0.0,55.0,1.15,1.0,single mode retained for complete trace
uncertain_transitions,9,e009,fixed-secdaec,fixed,fixed,whole_memory,sec-daec-64,0.01874,0.0,55.0,1.15,1.0,single mode retained for complete trace
uncertain_transitions,10,e010,fixed-secdaec,fixed,fixed,whole_memory,sec-daec-64,0.01874,0.0,55.0,1.15,1.0,single mode retained for complete trace
uncertain_transitions,11,e011,fixed-secdaec,fixed,fixed,whole_memory,sec-daec-64,0.02174,0.0,120.0,1.15,1.0,single mode retained for complete trace
uncertain_transitions,12,e012,fixed-secdaec,fixed,fixed,whole_memory,sec-daec-64,0.02174,0.0,120.0,1.15,1.0,single mode retained for complete trace
uncertain_transitions,13,e013,fixed-secdaec,fixed,fixed,whole_memory,sec-daec-64,0.02174,0.0,120.0,1.15,1.0,single mode retained for complete trace
uncertain_transitions,14,e014,fixed-secdaec,fixed,fixed,whole_memory,sec-daec-64,0.01874,0.0,55.0,1.15,1.0,single mode retained for complete trace
uncertain_transitions,15,e015,fixed-secdaec,fixed,fixed,whole_memory,sec-daec-64,0.02174,0.0,120.0,1.15,1.0,single mode retained for complete trace
