implementation_id,universe_id,universe_definition,total_masks,clean,corrected,due,sdc_miscorrection,sdc_undetected,invalid_state,correction_fraction,detection_fraction,sdc_fraction,exhaustive,translation_invariance_basis,smallest_failure_witness,declared_capability,proven_capability,gate_status,evidence_path
cyclic-rtl-bounded-search-63-51-v1,cyclic-rtl-bounded-search-63-51-v1:weight-0,"{""coordinate_space"":""canonical storage coordinates"",""declared_capability"":""clean"",""kind"":""all_combinations"",""total_masks"":1,""universe_id"":""cyclic-rtl-bounded-search-63-51-v1:weight-0"",""weight"":0}",1,1,0,0,0,0,0,0/1,0/1,0/1,true,baseline/translation_invariance.json,,clean,clean,PASS,baseline/implementation_aggregates/cyclic-rtl-bounded-search-63-51-v1.json
cyclic-rtl-bounded-search-63-51-v1,cyclic-rtl-bounded-search-63-51-v1:weight-1,"{""coordinate_space"":""canonical storage coordinates"",""declared_capability"":""correction"",""kind"":""all_combinations"",""total_masks"":63,""universe_id"":""cyclic-rtl-bounded-search-63-51-v1:weight-1"",""weight"":1}",63,0,30,0,33,0,0,10/21,10/21,11/21,true,baseline/translation_invariance.json,"{""error_mask"": 1073741824, ""error_positions"": [30], ""observed_outcome"": ""SDC_MISCORRECTION""}",correction,characterized_with_sdc_or_invalid_state,FAIL,baseline/implementation_aggregates/cyclic-rtl-bounded-search-63-51-v1.json
cyclic-rtl-bounded-search-63-51-v1,cyclic-rtl-bounded-search-63-51-v1:weight-2,"{""coordinate_space"":""canonical storage coordinates"",""declared_capability"":""observation"",""kind"":""all_combinations"",""total_masks"":1953,""universe_id"":""cyclic-rtl-bounded-search-63-51-v1:weight-2"",""weight"":2}",1953,0,211,0,1706,36,0,211/1953,211/1953,1742/1953,true,baseline/translation_invariance.json,,observation,characterized_with_sdc_or_invalid_state,PASS,baseline/implementation_aggregates/cyclic-rtl-bounded-search-63-51-v1.json
cyclic-rtl-bounded-search-63-51-v1,cyclic-rtl-bounded-search-63-51-v1:weight-3,"{""coordinate_space"":""canonical storage coordinates"",""declared_capability"":""observation"",""kind"":""all_combinations"",""total_masks"":39711,""universe_id"":""cyclic-rtl-bounded-search-63-51-v1:weight-3"",""weight"":3}",39711,0,0,33645,6066,0,0,0/1,11215/13237,2022/13237,true,baseline/translation_invariance.json,,observation,characterized_with_sdc_or_invalid_state,PASS,baseline/implementation_aggregates/cyclic-rtl-bounded-search-63-51-v1.json
forge-hotspot-8-4-v1-archived-table-decoder,forge-hotspot-8-4-v1-archived-table-decoder:weight-0,"{""coordinate_space"":""canonical storage coordinates"",""declared_capability"":""clean"",""kind"":""all_combinations"",""total_masks"":1,""universe_id"":""forge-hotspot-8-4-v1-archived-table-decoder:weight-0"",""weight"":0}",1,1,0,0,0,0,0,0/1,0/1,0/1,true,baseline/translation_invariance.json,,clean,clean,PASS,baseline/implementation_aggregates/forge-hotspot-8-4-v1-archived-table-decoder.json
forge-hotspot-8-4-v1-archived-table-decoder,forge-hotspot-8-4-v1-archived-table-decoder:weight-1,"{""coordinate_space"":""canonical storage coordinates"",""declared_capability"":""correction"",""kind"":""all_combinations"",""total_masks"":8,""universe_id"":""forge-hotspot-8-4-v1-archived-table-decoder:weight-1"",""weight"":1}",8,0,8,0,0,0,0,1/1,1/1,0/1,true,baseline/translation_invariance.json,,correction,correction,PASS,baseline/implementation_aggregates/forge-hotspot-8-4-v1-archived-table-decoder.json
forge-hotspot-8-4-v1-archived-table-decoder,forge-hotspot-8-4-v1-archived-table-decoder:weight-2,"{""coordinate_space"":""canonical storage coordinates"",""declared_capability"":""observation"",""kind"":""all_combinations"",""total_masks"":28,""universe_id"":""forge-hotspot-8-4-v1-archived-table-decoder:weight-2"",""weight"":2}",28,0,5,8,15,0,0,5/28,13/28,15/28,true,baseline/translation_invariance.json,,observation,characterized_with_sdc_or_invalid_state,PASS,baseline/implementation_aggregates/forge-hotspot-8-4-v1-archived-table-decoder.json
forge-hotspot-8-4-v1-archived-table-decoder,forge-hotspot-8-4-v1-archived-table-decoder:weight-3,"{""coordinate_space"":""canonical storage coordinates"",""declared_capability"":""observation"",""kind"":""all_combinations"",""total_masks"":56,""universe_id"":""forge-hotspot-8-4-v1-archived-table-decoder:weight-3"",""weight"":3}",56,0,0,0,56,0,0,0/1,0/1,1/1,true,baseline/translation_invariance.json,,observation,characterized_with_sdc_or_invalid_state,PASS,baseline/implementation_aggregates/forge-hotspot-8-4-v1-archived-table-decoder.json
forge-hotspot-8-4-v1-archived-table-decoder,forge-hotspot-8-4-v1-archived-table-decoder:all-masks,"{""coordinate_space"":""canonical storage coordinates"",""declared_capability"":""observation"",""kind"":""all_masks"",""total_masks"":256,""universe_id"":""forge-hotspot-8-4-v1-archived-table-decoder:all-masks"",""weight"":null}",256,1,13,32,195,15,0,13/256,45/256,105/128,true,baseline/translation_invariance.json,,observation,characterized_with_sdc_or_invalid_state,PASS,baseline/implementation_aggregates/forge-hotspot-8-4-v1-archived-table-decoder.json
forge-hotspot-8-4-v1-archived-table-decoder,forge-hotspot-8-4-v1-archived-table-decoder:all-archived-correction-table-entries,"{""actual_position_weights"":{""1"":8,""2"":5},""coordinate_space"":""canonical storage coordinates from archived table"",""declared_capability"":""correction"",""kind"":""explicit"",""total_masks"":13,""universe_id"":""forge-hotspot-8-4-v1-archived-table-decoder:all-archived-correction-table-entries""}",13,0,13,0,0,0,0,1/1,1/1,0/1,true,baseline/translation_invariance.json,,correction,correction,PASS,baseline/implementation_aggregates/forge-hotspot-8-4-v1-archived-table-decoder.json
forge-spatial-hotspot-72-64-v1-archived-table-decoder,forge-spatial-hotspot-72-64-v1-archived-table-decoder:weight-0,"{""coordinate_space"":""canonical storage coordinates"",""declared_capability"":""clean"",""kind"":""all_combinations"",""total_masks"":1,""universe_id"":""forge-spatial-hotspot-72-64-v1-archived-table-decoder:weight-0"",""weight"":0}",1,1,0,0,0,0,0,0/1,0/1,0/1,true,baseline/translation_invariance.json,,clean,clean,PASS,baseline/implementation_aggregates/forge-spatial-hotspot-72-64-v1-archived-table-decoder.json
forge-spatial-hotspot-72-64-v1-archived-table-decoder,forge-spatial-hotspot-72-64-v1-archived-table-decoder:weight-1,"{""coordinate_space"":""canonical storage coordinates"",""declared_capability"":""correction"",""kind"":""all_combinations"",""total_masks"":72,""universe_id"":""forge-spatial-hotspot-72-64-v1-archived-table-decoder:weight-1"",""weight"":1}",72,0,72,0,0,0,0,1/1,1/1,0/1,true,baseline/translation_invariance.json,,correction,correction,PASS,baseline/implementation_aggregates/forge-spatial-hotspot-72-64-v1-archived-table-decoder.json
forge-spatial-hotspot-72-64-v1-archived-table-decoder,forge-spatial-hotspot-72-64-v1-archived-table-decoder:weight-2,"{""coordinate_space"":""canonical storage coordinates"",""declared_capability"":""observation"",""kind"":""all_combinations"",""total_masks"":2556,""universe_id"":""forge-spatial-hotspot-72-64-v1-archived-table-decoder:weight-2"",""weight"":2}",2556,0,51,1491,1014,0,0,17/852,257/426,169/426,true,baseline/translation_invariance.json,,observation,characterized_with_sdc_or_invalid_state,PASS,baseline/implementation_aggregates/forge-spatial-hotspot-72-64-v1-archived-table-decoder.json
forge-spatial-hotspot-72-64-v1-archived-table-decoder,forge-spatial-hotspot-72-64-v1-archived-table-decoder:weight-3,"{""coordinate_space"":""canonical storage coordinates"",""declared_capability"":""observation"",""kind"":""all_combinations"",""total_masks"":59640,""universe_id"":""forge-spatial-hotspot-72-64-v1-archived-table-decoder:weight-3"",""weight"":3}",59640,0,0,26651,32913,76,0,0/1,26651/59640,32989/59640,true,baseline/translation_invariance.json,,observation,characterized_with_sdc_or_invalid_state,PASS,baseline/implementation_aggregates/forge-spatial-hotspot-72-64-v1-archived-table-decoder.json
forge-spatial-hotspot-72-64-v1-archived-table-decoder,forge-spatial-hotspot-72-64-v1-archived-table-decoder:all-archived-correction-table-entries,"{""actual_position_weights"":{""1"":72,""2"":51},""coordinate_space"":""canonical storage coordinates from archived table"",""declared_capability"":""correction"",""kind"":""explicit"",""total_masks"":123,""universe_id"":""forge-spatial-hotspot-72-64-v1-archived-table-decoder:all-archived-correction-table-entries""}",123,0,123,0,0,0,0,1/1,1/1,0/1,true,baseline/translation_invariance.json,,correction,correction,PASS,baseline/implementation_aggregates/forge-spatial-hotspot-72-64-v1-archived-table-decoder.json
forge-sram-portfolio-72-64-v1-geometry-filtered-joint-archived-table-decoder,forge-sram-portfolio-72-64-v1-geometry-filtered-joint-archived-table-decoder:weight-0,"{""coordinate_space"":""canonical storage coordinates"",""declared_capability"":""clean"",""kind"":""all_combinations"",""total_masks"":1,""universe_id"":""forge-sram-portfolio-72-64-v1-geometry-filtered-joint-archived-table-decoder:weight-0"",""weight"":0}",1,1,0,0,0,0,0,0/1,0/1,0/1,true,baseline/translation_invariance.json,,clean,clean,PASS,baseline/implementation_aggregates/forge-sram-portfolio-72-64-v1-geometry-filtered-joint-archived-table-decoder.json
forge-sram-portfolio-72-64-v1-geometry-filtered-joint-archived-table-decoder,forge-sram-portfolio-72-64-v1-geometry-filtered-joint-archived-table-decoder:weight-1,"{""coordinate_space"":""canonical storage coordinates"",""declared_capability"":""correction"",""kind"":""all_combinations"",""total_masks"":72,""universe_id"":""forge-sram-portfolio-72-64-v1-geometry-filtered-joint-archived-table-decoder:weight-1"",""weight"":1}",72,0,72,0,0,0,0,1/1,1/1,0/1,true,baseline/translation_invariance.json,,correction,correction,PASS,baseline/implementation_aggregates/forge-sram-portfolio-72-64-v1-geometry-filtered-joint-archived-table-decoder.json
forge-sram-portfolio-72-64-v1-geometry-filtered-joint-archived-table-decoder,forge-sram-portfolio-72-64-v1-geometry-filtered-joint-archived-table-decoder:weight-2,"{""coordinate_space"":""canonical storage coordinates"",""declared_capability"":""observation"",""kind"":""all_combinations"",""total_masks"":2556,""universe_id"":""forge-sram-portfolio-72-64-v1-geometry-filtered-joint-archived-table-decoder:weight-2"",""weight"":2}",2556,0,32,1955,569,0,0,8/639,1987/2556,569/2556,true,baseline/translation_invariance.json,,observation,characterized_with_sdc_or_invalid_state,PASS,baseline/implementation_aggregates/forge-sram-portfolio-72-64-v1-geometry-filtered-joint-archived-table-decoder.json
forge-sram-portfolio-72-64-v1-geometry-filtered-joint-archived-table-decoder,forge-sram-portfolio-72-64-v1-geometry-filtered-joint-archived-table-decoder:weight-3,"{""coordinate_space"":""canonical storage coordinates"",""declared_capability"":""observation"",""kind"":""all_combinations"",""total_masks"":59640,""universe_id"":""forge-sram-portfolio-72-64-v1-geometry-filtered-joint-archived-table-decoder:weight-3"",""weight"":3}",59640,0,0,25660,33980,0,0,0/1,1283/2982,1699/2982,true,baseline/translation_invariance.json,,observation,characterized_with_sdc_or_invalid_state,PASS,baseline/implementation_aggregates/forge-sram-portfolio-72-64-v1-geometry-filtered-joint-archived-table-decoder.json
forge-sram-portfolio-72-64-v1-geometry-filtered-joint-archived-table-decoder,forge-sram-portfolio-72-64-v1-geometry-filtered-joint-archived-table-decoder:all-archived-correction-table-entries,"{""actual_position_weights"":{""1"":72,""2"":32},""coordinate_space"":""canonical storage coordinates from archived table"",""declared_capability"":""correction"",""kind"":""explicit"",""total_masks"":104,""universe_id"":""forge-sram-portfolio-72-64-v1-geometry-filtered-joint-archived-table-decoder:all-archived-correction-table-entries""}",104,0,104,0,0,0,0,1/1,1/1,0/1,true,baseline/translation_invariance.json,,correction,correction,PASS,baseline/implementation_aggregates/forge-sram-portfolio-72-64-v1-geometry-filtered-joint-archived-table-decoder.json
forge-sram-portfolio-72-64-v1-spatial-hotspot-joint-archived-table-decoder,forge-sram-portfolio-72-64-v1-spatial-hotspot-joint-archived-table-decoder:weight-0,"{""coordinate_space"":""canonical storage coordinates"",""declared_capability"":""clean"",""kind"":""all_combinations"",""total_masks"":1,""universe_id"":""forge-sram-portfolio-72-64-v1-spatial-hotspot-joint-archived-table-decoder:weight-0"",""weight"":0}",1,1,0,0,0,0,0,0/1,0/1,0/1,true,baseline/translation_invariance.json,,clean,clean,PASS,baseline/implementation_aggregates/forge-sram-portfolio-72-64-v1-spatial-hotspot-joint-archived-table-decoder.json
forge-sram-portfolio-72-64-v1-spatial-hotspot-joint-archived-table-decoder,forge-sram-portfolio-72-64-v1-spatial-hotspot-joint-archived-table-decoder:weight-1,"{""coordinate_space"":""canonical storage coordinates"",""declared_capability"":""correction"",""kind"":""all_combinations"",""total_masks"":72,""universe_id"":""forge-sram-portfolio-72-64-v1-spatial-hotspot-joint-archived-table-decoder:weight-1"",""weight"":1}",72,0,72,0,0,0,0,1/1,1/1,0/1,true,baseline/translation_invariance.json,,correction,correction,PASS,baseline/implementation_aggregates/forge-sram-portfolio-72-64-v1-spatial-hotspot-joint-archived-table-decoder.json
forge-sram-portfolio-72-64-v1-spatial-hotspot-joint-archived-table-decoder,forge-sram-portfolio-72-64-v1-spatial-hotspot-joint-archived-table-decoder:weight-2,"{""coordinate_space"":""canonical storage coordinates"",""declared_capability"":""observation"",""kind"":""all_combinations"",""total_masks"":2556,""universe_id"":""forge-sram-portfolio-72-64-v1-spatial-hotspot-joint-archived-table-decoder:weight-2"",""weight"":2}",2556,0,24,2077,455,0,0,2/213,2101/2556,455/2556,true,baseline/translation_invariance.json,,observation,characterized_with_sdc_or_invalid_state,PASS,baseline/implementation_aggregates/forge-sram-portfolio-72-64-v1-spatial-hotspot-joint-archived-table-decoder.json
forge-sram-portfolio-72-64-v1-spatial-hotspot-joint-archived-table-decoder,forge-sram-portfolio-72-64-v1-spatial-hotspot-joint-archived-table-decoder:weight-3,"{""coordinate_space"":""canonical storage coordinates"",""declared_capability"":""observation"",""kind"":""all_combinations"",""total_masks"":59640,""universe_id"":""forge-sram-portfolio-72-64-v1-spatial-hotspot-joint-archived-table-decoder:weight-3"",""weight"":3}",59640,0,0,25476,34164,0,0,0/1,2123/4970,2847/4970,true,baseline/translation_invariance.json,,observation,characterized_with_sdc_or_invalid_state,PASS,baseline/implementation_aggregates/forge-sram-portfolio-72-64-v1-spatial-hotspot-joint-archived-table-decoder.json
forge-sram-portfolio-72-64-v1-spatial-hotspot-joint-archived-table-decoder,forge-sram-portfolio-72-64-v1-spatial-hotspot-joint-archived-table-decoder:all-archived-correction-table-entries,"{""actual_position_weights"":{""1"":72,""2"":24},""coordinate_space"":""canonical storage coordinates from archived table"",""declared_capability"":""correction"",""kind"":""explicit"",""total_masks"":96,""universe_id"":""forge-sram-portfolio-72-64-v1-spatial-hotspot-joint-archived-table-decoder:all-archived-correction-table-entries""}",96,0,96,0,0,0,0,1/1,1/1,0/1,true,baseline/translation_invariance.json,,correction,correction,PASS,baseline/implementation_aggregates/forge-sram-portfolio-72-64-v1-spatial-hotspot-joint-archived-table-decoder.json
hsiao-generated-combinational-72-64-v1,hsiao-generated-combinational-72-64-v1:weight-0,"{""coordinate_space"":""canonical storage coordinates"",""declared_capability"":""clean"",""kind"":""all_combinations"",""total_masks"":1,""universe_id"":""hsiao-generated-combinational-72-64-v1:weight-0"",""weight"":0}",1,1,0,0,0,0,0,0/1,0/1,0/1,true,baseline/translation_invariance.json,,clean,clean,PASS,baseline/implementation_aggregates/hsiao-generated-combinational-72-64-v1.json
hsiao-generated-combinational-72-64-v1,hsiao-generated-combinational-72-64-v1:weight-1,"{""coordinate_space"":""canonical storage coordinates"",""declared_capability"":""correction"",""kind"":""all_combinations"",""total_masks"":72,""universe_id"":""hsiao-generated-combinational-72-64-v1:weight-1"",""weight"":1}",72,0,72,0,0,0,0,1/1,1/1,0/1,true,baseline/translation_invariance.json,,correction,correction,PASS,baseline/implementation_aggregates/hsiao-generated-combinational-72-64-v1.json
hsiao-generated-combinational-72-64-v1,hsiao-generated-combinational-72-64-v1:weight-2,"{""coordinate_space"":""canonical storage coordinates"",""declared_capability"":""detection"",""kind"":""all_combinations"",""total_masks"":2556,""universe_id"":""hsiao-generated-combinational-72-64-v1:weight-2"",""weight"":2}",2556,0,0,2556,0,0,0,0/1,1/1,0/1,true,baseline/translation_invariance.json,,detection,safe_handling,PASS,baseline/implementation_aggregates/hsiao-generated-combinational-72-64-v1.json
hsiao-generated-combinational-72-64-v1,hsiao-generated-combinational-72-64-v1:weight-3,"{""coordinate_space"":""canonical storage coordinates"",""declared_capability"":""observation"",""kind"":""all_combinations"",""total_masks"":59640,""universe_id"":""hsiao-generated-combinational-72-64-v1:weight-3"",""weight"":3}",59640,0,0,25476,34164,0,0,0/1,2123/4970,2847/4970,true,baseline/translation_invariance.json,,observation,characterized_with_sdc_or_invalid_state,PASS,baseline/implementation_aggregates/hsiao-generated-combinational-72-64-v1.json
odd-column-secded-4-8-archived-table-decoder,odd-column-secded-4-8-archived-table-decoder:weight-0,"{""coordinate_space"":""canonical storage coordinates"",""declared_capability"":""clean"",""kind"":""all_combinations"",""total_masks"":1,""universe_id"":""odd-column-secded-4-8-archived-table-decoder:weight-0"",""weight"":0}",1,1,0,0,0,0,0,0/1,0/1,0/1,true,baseline/translation_invariance.json,,clean,clean,PASS,baseline/implementation_aggregates/odd-column-secded-4-8-archived-table-decoder.json
odd-column-secded-4-8-archived-table-decoder,odd-column-secded-4-8-archived-table-decoder:weight-1,"{""coordinate_space"":""canonical storage coordinates"",""declared_capability"":""correction"",""kind"":""all_combinations"",""total_masks"":8,""universe_id"":""odd-column-secded-4-8-archived-table-decoder:weight-1"",""weight"":1}",8,0,8,0,0,0,0,1/1,1/1,0/1,true,baseline/translation_invariance.json,,correction,correction,PASS,baseline/implementation_aggregates/odd-column-secded-4-8-archived-table-decoder.json
odd-column-secded-4-8-archived-table-decoder,odd-column-secded-4-8-archived-table-decoder:weight-2,"{""coordinate_space"":""canonical storage coordinates"",""declared_capability"":""detection"",""kind"":""all_combinations"",""total_masks"":28,""universe_id"":""odd-column-secded-4-8-archived-table-decoder:weight-2"",""weight"":2}",28,0,0,28,0,0,0,0/1,1/1,0/1,true,baseline/translation_invariance.json,,detection,safe_handling,PASS,baseline/implementation_aggregates/odd-column-secded-4-8-archived-table-decoder.json
odd-column-secded-4-8-archived-table-decoder,odd-column-secded-4-8-archived-table-decoder:weight-3,"{""coordinate_space"":""canonical storage coordinates"",""declared_capability"":""observation"",""kind"":""all_combinations"",""total_masks"":56,""universe_id"":""odd-column-secded-4-8-archived-table-decoder:weight-3"",""weight"":3}",56,0,0,0,56,0,0,0/1,0/1,1/1,true,baseline/translation_invariance.json,,observation,characterized_with_sdc_or_invalid_state,PASS,baseline/implementation_aggregates/odd-column-secded-4-8-archived-table-decoder.json
odd-column-secded-4-8-archived-table-decoder,odd-column-secded-4-8-archived-table-decoder:all-masks,"{""coordinate_space"":""canonical storage coordinates"",""declared_capability"":""observation"",""kind"":""all_masks"",""total_masks"":256,""universe_id"":""odd-column-secded-4-8-archived-table-decoder:all-masks"",""weight"":null}",256,1,8,112,120,15,0,1/32,15/32,135/256,true,baseline/translation_invariance.json,,observation,characterized_with_sdc_or_invalid_state,PASS,baseline/implementation_aggregates/odd-column-secded-4-8-archived-table-decoder.json
odd-column-secded-4-8-archived-table-decoder,odd-column-secded-4-8-archived-table-decoder:all-archived-correction-table-entries,"{""actual_position_weights"":{""1"":8},""coordinate_space"":""canonical storage coordinates from archived table"",""declared_capability"":""correction"",""kind"":""explicit"",""total_masks"":8,""universe_id"":""odd-column-secded-4-8-archived-table-decoder:all-archived-correction-table-entries""}",8,0,8,0,0,0,0,1/1,1/1,0/1,true,baseline/translation_invariance.json,,correction,correction,PASS,baseline/implementation_aggregates/odd-column-secded-4-8-archived-table-decoder.json
odd-column-secded-64-72-archived-table-decoder,odd-column-secded-64-72-archived-table-decoder:weight-0,"{""coordinate_space"":""canonical storage coordinates"",""declared_capability"":""clean"",""kind"":""all_combinations"",""total_masks"":1,""universe_id"":""odd-column-secded-64-72-archived-table-decoder:weight-0"",""weight"":0}",1,1,0,0,0,0,0,0/1,0/1,0/1,true,baseline/translation_invariance.json,,clean,clean,PASS,baseline/implementation_aggregates/odd-column-secded-64-72-archived-table-decoder.json
odd-column-secded-64-72-archived-table-decoder,odd-column-secded-64-72-archived-table-decoder:weight-1,"{""coordinate_space"":""canonical storage coordinates"",""declared_capability"":""correction"",""kind"":""all_combinations"",""total_masks"":72,""universe_id"":""odd-column-secded-64-72-archived-table-decoder:weight-1"",""weight"":1}",72,0,72,0,0,0,0,1/1,1/1,0/1,true,baseline/translation_invariance.json,,correction,correction,PASS,baseline/implementation_aggregates/odd-column-secded-64-72-archived-table-decoder.json
odd-column-secded-64-72-archived-table-decoder,odd-column-secded-64-72-archived-table-decoder:weight-2,"{""coordinate_space"":""canonical storage coordinates"",""declared_capability"":""detection"",""kind"":""all_combinations"",""total_masks"":2556,""universe_id"":""odd-column-secded-64-72-archived-table-decoder:weight-2"",""weight"":2}",2556,0,0,2556,0,0,0,0/1,1/1,0/1,true,baseline/translation_invariance.json,,detection,safe_handling,PASS,baseline/implementation_aggregates/odd-column-secded-64-72-archived-table-decoder.json
odd-column-secded-64-72-archived-table-decoder,odd-column-secded-64-72-archived-table-decoder:weight-3,"{""coordinate_space"":""canonical storage coordinates"",""declared_capability"":""observation"",""kind"":""all_combinations"",""total_masks"":59640,""universe_id"":""odd-column-secded-64-72-archived-table-decoder:weight-3"",""weight"":3}",59640,0,0,14336,45304,0,0,0/1,256/1065,809/1065,true,baseline/translation_invariance.json,,observation,characterized_with_sdc_or_invalid_state,PASS,baseline/implementation_aggregates/odd-column-secded-64-72-archived-table-decoder.json
odd-column-secded-64-72-archived-table-decoder,odd-column-secded-64-72-archived-table-decoder:all-archived-correction-table-entries,"{""actual_position_weights"":{""1"":72},""coordinate_space"":""canonical storage coordinates from archived table"",""declared_capability"":""correction"",""kind"":""explicit"",""total_masks"":72,""universe_id"":""odd-column-secded-64-72-archived-table-decoder:all-archived-correction-table-entries""}",72,0,72,0,0,0,0,1/1,1/1,0/1,true,baseline/translation_invariance.json,,correction,correction,PASS,baseline/implementation_aggregates/odd-column-secded-64-72-archived-table-decoder.json
primitive-bch-63-51-t2-v1-reference-decoder,primitive-bch-63-51-t2-v1-reference-decoder:weight-0,"{""coordinate_space"":""canonical storage coordinates"",""declared_capability"":""clean"",""kind"":""all_combinations"",""total_masks"":1,""universe_id"":""primitive-bch-63-51-t2-v1-reference-decoder:weight-0"",""weight"":0}",1,1,0,0,0,0,0,0/1,0/1,0/1,true,baseline/translation_invariance.json,,clean,clean,PASS,baseline/implementation_aggregates/primitive-bch-63-51-t2-v1-reference-decoder.json
primitive-bch-63-51-t2-v1-reference-decoder,primitive-bch-63-51-t2-v1-reference-decoder:weight-1,"{""coordinate_space"":""canonical storage coordinates"",""declared_capability"":""correction"",""kind"":""all_combinations"",""total_masks"":63,""universe_id"":""primitive-bch-63-51-t2-v1-reference-decoder:weight-1"",""weight"":1}",63,0,63,0,0,0,0,1/1,1/1,0/1,true,baseline/translation_invariance.json,,correction,correction,PASS,baseline/implementation_aggregates/primitive-bch-63-51-t2-v1-reference-decoder.json
primitive-bch-63-51-t2-v1-reference-decoder,primitive-bch-63-51-t2-v1-reference-decoder:weight-2,"{""coordinate_space"":""canonical storage coordinates"",""declared_capability"":""correction"",""kind"":""all_combinations"",""total_masks"":1953,""universe_id"":""primitive-bch-63-51-t2-v1-reference-decoder:weight-2"",""weight"":2}",1953,0,1953,0,0,0,0,1/1,1/1,0/1,true,baseline/translation_invariance.json,,correction,correction,PASS,baseline/implementation_aggregates/primitive-bch-63-51-t2-v1-reference-decoder.json
primitive-bch-63-51-t2-v1-reference-decoder,primitive-bch-63-51-t2-v1-reference-decoder:weight-3,"{""coordinate_space"":""canonical storage coordinates"",""declared_capability"":""observation"",""kind"":""all_combinations"",""total_masks"":39711,""universe_id"":""primitive-bch-63-51-t2-v1-reference-decoder:weight-3"",""weight"":3}",39711,0,0,20811,18900,0,0,0/1,991/1891,900/1891,true,baseline/translation_invariance.json,,observation,characterized_with_sdc_or_invalid_state,PASS,baseline/implementation_aggregates/primitive-bch-63-51-t2-v1-reference-decoder.json
safeforge-robust-72-64-mapping-v1-archived-table-decoder,safeforge-robust-72-64-mapping-v1-archived-table-decoder:weight-0,"{""coordinate_space"":""canonical storage coordinates"",""declared_capability"":""clean"",""kind"":""all_combinations"",""total_masks"":1,""universe_id"":""safeforge-robust-72-64-mapping-v1-archived-table-decoder:weight-0"",""weight"":0}",1,1,0,0,0,0,0,0/1,0/1,0/1,true,baseline/translation_invariance.json,,clean,clean,PASS,baseline/implementation_aggregates/safeforge-robust-72-64-mapping-v1-archived-table-decoder.json
safeforge-robust-72-64-mapping-v1-archived-table-decoder,safeforge-robust-72-64-mapping-v1-archived-table-decoder:weight-1,"{""coordinate_space"":""canonical storage coordinates"",""declared_capability"":""observation"",""kind"":""all_combinations"",""total_masks"":72,""universe_id"":""safeforge-robust-72-64-mapping-v1-archived-table-decoder:weight-1"",""weight"":1}",72,0,6,66,0,0,0,1/12,1/1,0/1,true,baseline/translation_invariance.json,,observation,safe_handling,PASS,baseline/implementation_aggregates/safeforge-robust-72-64-mapping-v1-archived-table-decoder.json
safeforge-robust-72-64-mapping-v1-archived-table-decoder,safeforge-robust-72-64-mapping-v1-archived-table-decoder:weight-2,"{""coordinate_space"":""canonical storage coordinates"",""declared_capability"":""observation"",""kind"":""all_combinations"",""total_masks"":2556,""universe_id"":""safeforge-robust-72-64-mapping-v1-archived-table-decoder:weight-2"",""weight"":2}",2556,0,39,1832,685,0,0,13/852,1871/2556,685/2556,true,baseline/translation_invariance.json,,observation,characterized_with_sdc_or_invalid_state,PASS,baseline/implementation_aggregates/safeforge-robust-72-64-mapping-v1-archived-table-decoder.json
safeforge-robust-72-64-mapping-v1-archived-table-decoder,safeforge-robust-72-64-mapping-v1-archived-table-decoder:weight-3,"{""coordinate_space"":""canonical storage coordinates"",""declared_capability"":""observation"",""kind"":""all_combinations"",""total_masks"":59640,""universe_id"":""safeforge-robust-72-64-mapping-v1-archived-table-decoder:weight-3"",""weight"":3}",59640,0,11,53198,6431,0,0,11/59640,53209/59640,6431/59640,true,baseline/translation_invariance.json,,observation,characterized_with_sdc_or_invalid_state,PASS,baseline/implementation_aggregates/safeforge-robust-72-64-mapping-v1-archived-table-decoder.json
safeforge-robust-72-64-mapping-v1-archived-table-decoder,safeforge-robust-72-64-mapping-v1-archived-table-decoder:all-archived-correction-table-entries,"{""actual_position_weights"":{""1"":6,""2"":39,""3"":11},""coordinate_space"":""canonical storage coordinates from archived table"",""declared_capability"":""correction"",""kind"":""explicit"",""total_masks"":56,""universe_id"":""safeforge-robust-72-64-mapping-v1-archived-table-decoder:all-archived-correction-table-entries""}",56,0,56,0,0,0,0,1/1,1/1,0/1,true,baseline/translation_invariance.json,,correction,correction,PASS,baseline/implementation_aggregates/safeforge-robust-72-64-mapping-v1-archived-table-decoder.json
safeforge-robust-8-4-v1-archived-table-decoder,safeforge-robust-8-4-v1-archived-table-decoder:weight-0,"{""coordinate_space"":""canonical storage coordinates"",""declared_capability"":""clean"",""kind"":""all_combinations"",""total_masks"":1,""universe_id"":""safeforge-robust-8-4-v1-archived-table-decoder:weight-0"",""weight"":0}",1,1,0,0,0,0,0,0/1,0/1,0/1,true,baseline/translation_invariance.json,,clean,clean,PASS,baseline/implementation_aggregates/safeforge-robust-8-4-v1-archived-table-decoder.json
safeforge-robust-8-4-v1-archived-table-decoder,safeforge-robust-8-4-v1-archived-table-decoder:weight-1,"{""coordinate_space"":""canonical storage coordinates"",""declared_capability"":""observation"",""kind"":""all_combinations"",""total_masks"":8,""universe_id"":""safeforge-robust-8-4-v1-archived-table-decoder:weight-1"",""weight"":1}",8,0,4,4,0,0,0,1/2,1/1,0/1,true,baseline/translation_invariance.json,,observation,safe_handling,PASS,baseline/implementation_aggregates/safeforge-robust-8-4-v1-archived-table-decoder.json
safeforge-robust-8-4-v1-archived-table-decoder,safeforge-robust-8-4-v1-archived-table-decoder:weight-2,"{""coordinate_space"":""canonical storage coordinates"",""declared_capability"":""observation"",""kind"":""all_combinations"",""total_masks"":28,""universe_id"":""safeforge-robust-8-4-v1-archived-table-decoder:weight-2"",""weight"":2}",28,0,4,12,12,0,0,1/7,4/7,3/7,true,baseline/translation_invariance.json,,observation,characterized_with_sdc_or_invalid_state,PASS,baseline/implementation_aggregates/safeforge-robust-8-4-v1-archived-table-decoder.json
safeforge-robust-8-4-v1-archived-table-decoder,safeforge-robust-8-4-v1-archived-table-decoder:weight-3,"{""coordinate_space"":""canonical storage coordinates"",""declared_capability"":""observation"",""kind"":""all_combinations"",""total_masks"":56,""universe_id"":""safeforge-robust-8-4-v1-archived-table-decoder:weight-3"",""weight"":3}",56,0,0,25,27,4,0,0/1,25/56,31/56,true,baseline/translation_invariance.json,,observation,characterized_with_sdc_or_invalid_state,PASS,baseline/implementation_aggregates/safeforge-robust-8-4-v1-archived-table-decoder.json
safeforge-robust-8-4-v1-archived-table-decoder,safeforge-robust-8-4-v1-archived-table-decoder:all-masks,"{""coordinate_space"":""canonical storage coordinates"",""declared_capability"":""observation"",""kind"":""all_masks"",""total_masks"":256,""universe_id"":""safeforge-robust-8-4-v1-archived-table-decoder:all-masks"",""weight"":null}",256,1,8,112,120,15,0,1/32,15/32,135/256,true,baseline/translation_invariance.json,,observation,characterized_with_sdc_or_invalid_state,PASS,baseline/implementation_aggregates/safeforge-robust-8-4-v1-archived-table-decoder.json
safeforge-robust-8-4-v1-archived-table-decoder,safeforge-robust-8-4-v1-archived-table-decoder:all-archived-correction-table-entries,"{""actual_position_weights"":{""1"":4,""2"":4},""coordinate_space"":""canonical storage coordinates from archived table"",""declared_capability"":""correction"",""kind"":""explicit"",""total_masks"":8,""universe_id"":""safeforge-robust-8-4-v1-archived-table-decoder:all-archived-correction-table-entries""}",8,0,8,0,0,0,0,1/1,1/1,0/1,true,baseline/translation_invariance.json,,correction,correction,PASS,baseline/implementation_aggregates/safeforge-robust-8-4-v1-archived-table-decoder.json
secdaec-rtl-bounded-72-64-v1,secdaec-rtl-bounded-72-64-v1:weight-0,"{""coordinate_space"":""canonical storage coordinates"",""declared_capability"":""clean"",""kind"":""all_combinations"",""total_masks"":1,""universe_id"":""secdaec-rtl-bounded-72-64-v1:weight-0"",""weight"":0}",1,1,0,0,0,0,0,0/1,0/1,0/1,true,baseline/translation_invariance.json,,clean,clean,PASS,baseline/implementation_aggregates/secdaec-rtl-bounded-72-64-v1.json
secdaec-rtl-bounded-72-64-v1,secdaec-rtl-bounded-72-64-v1:weight-1,"{""coordinate_space"":""canonical storage coordinates"",""declared_capability"":""correction"",""kind"":""all_combinations"",""total_masks"":72,""universe_id"":""secdaec-rtl-bounded-72-64-v1:weight-1"",""weight"":1}",72,0,72,0,0,0,0,1/1,1/1,0/1,true,baseline/translation_invariance.json,,correction,correction,PASS,baseline/implementation_aggregates/secdaec-rtl-bounded-72-64-v1.json
secdaec-rtl-bounded-72-64-v1,secdaec-rtl-bounded-72-64-v1:weight-2,"{""coordinate_space"":""canonical storage coordinates"",""declared_capability"":""detection"",""kind"":""all_combinations"",""total_masks"":2556,""universe_id"":""secdaec-rtl-bounded-72-64-v1:weight-2"",""weight"":2}",2556,0,10,2244,302,0,0,5/1278,1127/1278,151/1278,true,baseline/translation_invariance.json,"{""error_mask"": 129, ""error_positions"": [0, 7], ""observed_outcome"": ""SDC_MISCORRECTION""}",detection,characterized_with_sdc_or_invalid_state,FAIL,baseline/implementation_aggregates/secdaec-rtl-bounded-72-64-v1.json
secdaec-rtl-bounded-72-64-v1,secdaec-rtl-bounded-72-64-v1:weight-3,"{""coordinate_space"":""canonical storage coordinates"",""declared_capability"":""observation"",""kind"":""all_combinations"",""total_masks"":59640,""universe_id"":""secdaec-rtl-bounded-72-64-v1:weight-3"",""weight"":3}",59640,0,0,14336,45304,0,0,0/1,256/1065,809/1065,true,baseline/translation_invariance.json,,observation,characterized_with_sdc_or_invalid_state,PASS,baseline/implementation_aggregates/secdaec-rtl-bounded-72-64-v1.json
secdaec-rtl-bounded-72-64-v1,secdaec-rtl-bounded-72-64-v1:logical-storage-noncircular-adjacent-2,"{""coordinate_space"":""logical storage-coordinate adjacency; not physical adjacency"",""coordinate_type_coverage"":{""data-data"":63,""data-parity"":1,""parity-parity"":7},""declared_capability"":""logical_storage_adjacency_correction_audit"",""kind"":""adjacent_windows"",""total_masks"":71,""universe_id"":""secdaec-rtl-bounded-72-64-v1:logical-storage-noncircular-adjacent-2"",""weight"":2}",71,0,10,6,55,0,0,10/71,16/71,55/71,true,baseline/translation_invariance.json,"{""error_mask"": 48, ""error_positions"": [4, 5], ""observed_outcome"": ""SDC_MISCORRECTION""}",logical_storage_adjacency_correction_audit,characterized_with_sdc_or_invalid_state,FAIL,baseline/implementation_aggregates/secdaec-rtl-bounded-72-64-v1.json
secdaec-rtl-bounded-72-64-v1,secdaec-rtl-bounded-72-64-v1:historical-data-only-noncircular-adjacent-2,"{""coordinate_space"":""historical adjacent payload indices; reported separately"",""coordinate_type_coverage"":{""data-data"":63},""declared_capability"":""correction"",""kind"":""data_adjacent_windows"",""total_masks"":63,""universe_id"":""secdaec-rtl-bounded-72-64-v1:historical-data-only-noncircular-adjacent-2"",""weight"":2}",63,0,10,0,53,0,0,10/63,10/63,53/63,true,baseline/translation_invariance.json,"{""error_mask"": 48, ""error_positions"": [4, 5], ""observed_outcome"": ""SDC_MISCORRECTION""}",correction,characterized_with_sdc_or_invalid_state,FAIL,baseline/implementation_aggregates/secdaec-rtl-bounded-72-64-v1.json
secded-rtl-combinational-72-64-v1,secded-rtl-combinational-72-64-v1:weight-0,"{""coordinate_space"":""canonical storage coordinates"",""declared_capability"":""clean"",""kind"":""all_combinations"",""total_masks"":1,""universe_id"":""secded-rtl-combinational-72-64-v1:weight-0"",""weight"":0}",1,1,0,0,0,0,0,0/1,0/1,0/1,true,baseline/translation_invariance.json,,clean,clean,PASS,baseline/implementation_aggregates/secded-rtl-combinational-72-64-v1.json
secded-rtl-combinational-72-64-v1,secded-rtl-combinational-72-64-v1:weight-1,"{""coordinate_space"":""canonical storage coordinates"",""declared_capability"":""correction"",""kind"":""all_combinations"",""total_masks"":72,""universe_id"":""secded-rtl-combinational-72-64-v1:weight-1"",""weight"":1}",72,0,72,0,0,0,0,1/1,1/1,0/1,true,baseline/translation_invariance.json,,correction,correction,PASS,baseline/implementation_aggregates/secded-rtl-combinational-72-64-v1.json
secded-rtl-combinational-72-64-v1,secded-rtl-combinational-72-64-v1:weight-2,"{""coordinate_space"":""canonical storage coordinates"",""declared_capability"":""detection"",""kind"":""all_combinations"",""total_masks"":2556,""universe_id"":""secded-rtl-combinational-72-64-v1:weight-2"",""weight"":2}",2556,0,0,2556,0,0,0,0/1,1/1,0/1,true,baseline/translation_invariance.json,,detection,safe_handling,PASS,baseline/implementation_aggregates/secded-rtl-combinational-72-64-v1.json
secded-rtl-combinational-72-64-v1,secded-rtl-combinational-72-64-v1:weight-3,"{""coordinate_space"":""canonical storage coordinates"",""declared_capability"":""observation"",""kind"":""all_combinations"",""total_masks"":59640,""universe_id"":""secded-rtl-combinational-72-64-v1:weight-3"",""weight"":3}",59640,0,0,14336,45304,0,0,0/1,256/1065,809/1065,true,baseline/translation_invariance.json,,observation,characterized_with_sdc_or_invalid_state,PASS,baseline/implementation_aggregates/secded-rtl-combinational-72-64-v1.json
shortened-bch-71-64-t1-v1-reference-decoder,shortened-bch-71-64-t1-v1-reference-decoder:weight-0,"{""coordinate_space"":""canonical storage coordinates"",""declared_capability"":""clean"",""kind"":""all_combinations"",""total_masks"":1,""universe_id"":""shortened-bch-71-64-t1-v1-reference-decoder:weight-0"",""weight"":0}",1,1,0,0,0,0,0,0/1,0/1,0/1,true,baseline/translation_invariance.json,,clean,clean,PASS,baseline/implementation_aggregates/shortened-bch-71-64-t1-v1-reference-decoder.json
shortened-bch-71-64-t1-v1-reference-decoder,shortened-bch-71-64-t1-v1-reference-decoder:weight-1,"{""coordinate_space"":""canonical storage coordinates"",""declared_capability"":""correction"",""kind"":""all_combinations"",""total_masks"":71,""universe_id"":""shortened-bch-71-64-t1-v1-reference-decoder:weight-1"",""weight"":1}",71,0,71,0,0,0,0,1/1,1/1,0/1,true,baseline/translation_invariance.json,,correction,correction,PASS,baseline/implementation_aggregates/shortened-bch-71-64-t1-v1-reference-decoder.json
shortened-bch-71-64-t1-v1-reference-decoder,shortened-bch-71-64-t1-v1-reference-decoder:weight-2,"{""coordinate_space"":""canonical storage coordinates"",""declared_capability"":""observation"",""kind"":""all_combinations"",""total_masks"":2485,""universe_id"":""shortened-bch-71-64-t1-v1-reference-decoder:weight-2"",""weight"":2}",2485,0,0,1090,1395,0,0,0/1,218/497,279/497,true,baseline/translation_invariance.json,,observation,characterized_with_sdc_or_invalid_state,PASS,baseline/implementation_aggregates/shortened-bch-71-64-t1-v1-reference-decoder.json
shortened-bch-71-64-t1-v1-reference-decoder,shortened-bch-71-64-t1-v1-reference-decoder:weight-3,"{""coordinate_space"":""canonical storage coordinates"",""declared_capability"":""observation"",""kind"":""all_combinations"",""total_masks"":57155,""universe_id"":""shortened-bch-71-64-t1-v1-reference-decoder:weight-3"",""weight"":3}",57155,0,0,25754,30936,465,0,0/1,25754/57155,31401/57155,true,baseline/translation_invariance.json,,observation,characterized_with_sdc_or_invalid_state,PASS,baseline/implementation_aggregates/shortened-bch-71-64-t1-v1-reference-decoder.json
shortened-bch-78-64-t2-v1-reference-decoder,shortened-bch-78-64-t2-v1-reference-decoder:weight-0,"{""coordinate_space"":""canonical storage coordinates"",""declared_capability"":""clean"",""kind"":""all_combinations"",""total_masks"":1,""universe_id"":""shortened-bch-78-64-t2-v1-reference-decoder:weight-0"",""weight"":0}",1,1,0,0,0,0,0,0/1,0/1,0/1,true,baseline/translation_invariance.json,,clean,clean,PASS,baseline/implementation_aggregates/shortened-bch-78-64-t2-v1-reference-decoder.json
shortened-bch-78-64-t2-v1-reference-decoder,shortened-bch-78-64-t2-v1-reference-decoder:weight-1,"{""coordinate_space"":""canonical storage coordinates"",""declared_capability"":""correction"",""kind"":""all_combinations"",""total_masks"":78,""universe_id"":""shortened-bch-78-64-t2-v1-reference-decoder:weight-1"",""weight"":1}",78,0,78,0,0,0,0,1/1,1/1,0/1,true,baseline/translation_invariance.json,,correction,correction,PASS,baseline/implementation_aggregates/shortened-bch-78-64-t2-v1-reference-decoder.json
shortened-bch-78-64-t2-v1-reference-decoder,shortened-bch-78-64-t2-v1-reference-decoder:weight-2,"{""coordinate_space"":""canonical storage coordinates"",""declared_capability"":""correction"",""kind"":""all_combinations"",""total_masks"":3003,""universe_id"":""shortened-bch-78-64-t2-v1-reference-decoder:weight-2"",""weight"":2}",3003,0,3003,0,0,0,0,1/1,1/1,0/1,true,baseline/translation_invariance.json,,correction,correction,PASS,baseline/implementation_aggregates/shortened-bch-78-64-t2-v1-reference-decoder.json
shortened-bch-78-64-t2-v1-reference-decoder,shortened-bch-78-64-t2-v1-reference-decoder:weight-3,"{""coordinate_space"":""canonical storage coordinates"",""declared_capability"":""observation"",""kind"":""all_combinations"",""total_masks"":76076,""universe_id"":""shortened-bch-78-64-t2-v1-reference-decoder:weight-3"",""weight"":3}",76076,0,0,62296,13780,0,0,0/1,1198/1463,265/1463,true,baseline/translation_invariance.json,,observation,characterized_with_sdc_or_invalid_state,PASS,baseline/implementation_aggregates/shortened-bch-78-64-t2-v1-reference-decoder.json
shortened-bch-85-64-t3-v1-reference-decoder,shortened-bch-85-64-t3-v1-reference-decoder:weight-0,"{""coordinate_space"":""canonical storage coordinates"",""declared_capability"":""clean"",""kind"":""all_combinations"",""total_masks"":1,""universe_id"":""shortened-bch-85-64-t3-v1-reference-decoder:weight-0"",""weight"":0}",1,1,0,0,0,0,0,0/1,0/1,0/1,true,baseline/translation_invariance.json,,clean,clean,PASS,baseline/implementation_aggregates/shortened-bch-85-64-t3-v1-reference-decoder.json
shortened-bch-85-64-t3-v1-reference-decoder,shortened-bch-85-64-t3-v1-reference-decoder:weight-1,"{""coordinate_space"":""canonical storage coordinates"",""declared_capability"":""correction"",""kind"":""all_combinations"",""total_masks"":85,""universe_id"":""shortened-bch-85-64-t3-v1-reference-decoder:weight-1"",""weight"":1}",85,0,85,0,0,0,0,1/1,1/1,0/1,true,baseline/translation_invariance.json,,correction,correction,PASS,baseline/implementation_aggregates/shortened-bch-85-64-t3-v1-reference-decoder.json
shortened-bch-85-64-t3-v1-reference-decoder,shortened-bch-85-64-t3-v1-reference-decoder:weight-2,"{""coordinate_space"":""canonical storage coordinates"",""declared_capability"":""correction"",""kind"":""all_combinations"",""total_masks"":3570,""universe_id"":""shortened-bch-85-64-t3-v1-reference-decoder:weight-2"",""weight"":2}",3570,0,3570,0,0,0,0,1/1,1/1,0/1,true,baseline/translation_invariance.json,,correction,correction,PASS,baseline/implementation_aggregates/shortened-bch-85-64-t3-v1-reference-decoder.json
shortened-bch-85-64-t3-v1-reference-decoder,shortened-bch-85-64-t3-v1-reference-decoder:weight-3,"{""coordinate_space"":""canonical storage coordinates"",""declared_capability"":""correction"",""kind"":""all_combinations"",""total_masks"":98770,""universe_id"":""shortened-bch-85-64-t3-v1-reference-decoder:weight-3"",""weight"":3}",98770,0,98770,0,0,0,0,1/1,1/1,0/1,true,baseline/translation_invariance.json,,correction,correction,PASS,baseline/implementation_aggregates/shortened-bch-85-64-t3-v1-reference-decoder.json
taec-rtl-bounded-72-64-v1,taec-rtl-bounded-72-64-v1:weight-0,"{""coordinate_space"":""canonical storage coordinates"",""declared_capability"":""clean"",""kind"":""all_combinations"",""total_masks"":1,""universe_id"":""taec-rtl-bounded-72-64-v1:weight-0"",""weight"":0}",1,1,0,0,0,0,0,0/1,0/1,0/1,true,baseline/translation_invariance.json,,clean,clean,PASS,baseline/implementation_aggregates/taec-rtl-bounded-72-64-v1.json
taec-rtl-bounded-72-64-v1,taec-rtl-bounded-72-64-v1:weight-1,"{""coordinate_space"":""canonical storage coordinates"",""declared_capability"":""correction"",""kind"":""all_combinations"",""total_masks"":72,""universe_id"":""taec-rtl-bounded-72-64-v1:weight-1"",""weight"":1}",72,0,72,0,0,0,0,1/1,1/1,0/1,true,baseline/translation_invariance.json,,correction,correction,PASS,baseline/implementation_aggregates/taec-rtl-bounded-72-64-v1.json
taec-rtl-bounded-72-64-v1,taec-rtl-bounded-72-64-v1:weight-2,"{""coordinate_space"":""canonical storage coordinates"",""declared_capability"":""detection"",""kind"":""all_combinations"",""total_masks"":2556,""universe_id"":""taec-rtl-bounded-72-64-v1:weight-2"",""weight"":2}",2556,0,0,2556,0,0,0,0/1,1/1,0/1,true,baseline/translation_invariance.json,,detection,safe_handling,PASS,baseline/implementation_aggregates/taec-rtl-bounded-72-64-v1.json
taec-rtl-bounded-72-64-v1,taec-rtl-bounded-72-64-v1:weight-3,"{""coordinate_space"":""canonical storage coordinates"",""declared_capability"":""observation"",""kind"":""all_combinations"",""total_masks"":59640,""universe_id"":""taec-rtl-bounded-72-64-v1:weight-3"",""weight"":3}",59640,0,0,14336,45304,0,0,0/1,256/1065,809/1065,true,baseline/translation_invariance.json,,observation,characterized_with_sdc_or_invalid_state,PASS,baseline/implementation_aggregates/taec-rtl-bounded-72-64-v1.json
taec-rtl-bounded-72-64-v1,taec-rtl-bounded-72-64-v1:logical-storage-noncircular-adjacent-3,"{""coordinate_space"":""logical storage-coordinate adjacency; not physical adjacency"",""coordinate_type_coverage"":{""data-data-data"":62,""data-data-parity"":1,""data-parity-parity"":1,""parity-parity-parity"":6},""declared_capability"":""logical_storage_adjacency_correction_audit"",""kind"":""adjacent_windows"",""total_masks"":70,""universe_id"":""taec-rtl-bounded-72-64-v1:logical-storage-noncircular-adjacent-3"",""weight"":3}",70,0,0,2,68,0,0,0/1,1/35,34/35,true,baseline/translation_invariance.json,"{""error_mask"": 7, ""error_positions"": [0, 1, 2], ""observed_outcome"": ""SDC_MISCORRECTION""}",logical_storage_adjacency_correction_audit,characterized_with_sdc_or_invalid_state,FAIL,baseline/implementation_aggregates/taec-rtl-bounded-72-64-v1.json
taec-rtl-bounded-72-64-v1,taec-rtl-bounded-72-64-v1:historical-data-only-noncircular-adjacent-3,"{""coordinate_space"":""historical adjacent payload indices; reported separately"",""coordinate_type_coverage"":{""data-data-data"":62},""declared_capability"":""correction"",""kind"":""data_adjacent_windows"",""total_masks"":62,""universe_id"":""taec-rtl-bounded-72-64-v1:historical-data-only-noncircular-adjacent-3"",""weight"":3}",62,0,0,0,62,0,0,0/1,0/1,1/1,true,baseline/translation_invariance.json,"{""error_mask"": 7, ""error_positions"": [0, 1, 2], ""observed_outcome"": ""SDC_MISCORRECTION""}",correction,characterized_with_sdc_or_invalid_state,FAIL,baseline/implementation_aggregates/taec-rtl-bounded-72-64-v1.json
